t_sec,x,y,z,roll_deg,pitch_deg,yaw_deg
0.01047350000590086,-12.050000190734863,-8.300000190734863,-0.0025569533463567495,0.0,-0.0,-41.121355388642286
21.942888099933043,-12.027615547180176,-8.319523811340332,-0.0025569533463567495,0.0,-0.0,-41.0788272157752
22.009567900095135,-11.999774932861328,-8.343758583068848,-0.0025569533463567495,0.0,-0.0,-41.02595813650471
22.076275300001726,-11.963790893554688,-8.37501049041748,-0.0025569533463567495,0.0,-0.0,-40.95769381084502
22.142901600105688,-11.921417236328125,-8.411713600158691,-0.0025569533463567495,0.0,-0.0,-40.877394691867764
22.20954390009865,-11.87407112121582,-8.452596664428711,-0.0025569533463567495,0.0,-0.0,-40.78778944014637
22.276261900085956,-11.822733879089355,-8.49677562713623,-0.0025569533463567495,0.0,-0.0,-40.690766602986336
22.343201299896464,-11.768250465393066,-8.543496131896973,-0.0025569533463567495,0.0,-0.0,-40.58794835031556
22.409561299951747,-11.713672637939453,-8.590128898620605,-0.0025569533463567495,0.0,-0.0,-40.48511643726643
22.476311299949884,-11.670315742492676,-8.626975059509277,-0.0025569533463567495,0.0,-0.0,-40.29476931038192
22.5429209000431,-11.6370849609375,-8.654921531677246,-0.0025569533463567495,0.0,-0.0,-39.97075538144028
22.609533600043505,-11.611774444580078,-8.67595100402832,-0.0025569533463567495,0.0,-0.0,-39.632469772227886
22.67645570007153,-11.592666625976562,-8.691650390625,-0.0025569533463567495,0.0,-0.0,-39.331514561924195
22.809663800057024,-11.567232131958008,-8.712301254272461,-0.0025569533463567495,0.0,-0.0,-38.939991043226144
23.00961500010453,-11.548928260803223,-8.727035522460938,-0.0025569533463567495,0.0,-0.0,-38.74364701025037
23.142974100075662,-11.522066116333008,-8.748360633850098,-0.0025569533463567495,0.0,-0.0,-38.28428605271575
23.20963010005653,-11.493128776550293,-8.770880699157715,-0.0025569533463567495,0.0,-0.0,-37.75766822242401
23.276407799916342,-11.45649242401123,-8.798735618591309,-0.0025569533463567495,0.0,-0.0,-37.07477224882779
23.342929400037974,-11.416387557983398,-8.828425407409668,-0.0025569533463567495,0.0,-0.0,-36.327433440412506
23.40954859997146,-11.383255004882812,-8.852470397949219,-0.0025569533463567495,0.0,-0.0,-35.8631718221484
23.47627090010792,-11.357104301452637,-8.871237754821777,-0.0025569533463567495,0.0,-0.0,-35.60637036973426
23.54299039999023,-11.327906608581543,-8.892026901245117,-0.0025569533463567495,0.0,-0.0,-35.40334641175022
23.609597499947995,-11.289766311645508,-8.918983459472656,-0.0025569533463567495,0.0,-0.0,-35.20547241640036
23.676312499912456,-11.244458198547363,-8.950787544250488,-0.0025569533463567495,0.0,-0.0,-35.02414796940945
23.74293539999053,-11.19351863861084,-8.986321449279785,-0.0025569533463567495,0.0,-0.0,-34.85999120289736
23.80959159997292,-11.138203620910645,-9.024689674377441,-0.0025569533463567495,0.0,-0.0,-34.70971679587333
23.876268399879336,-11.079380989074707,-9.065275192260742,-0.0025569533463567495,0.0,-0.0,-34.569837936766056
23.943005200009793,-11.017792701721191,-9.107555389404297,-0.0025569533463567495,0.0,-0.0,-34.43710687062519
24.009570499882102,-10.954057693481445,-9.151080131530762,-0.0025569533463567495,0.0,-0.0,-34.28656608622352
24.07637899997644,-10.888973236083984,-9.19494915008545,-0.0025569533463567495,0.0,-0.0,-33.85296177204903
24.142924400046468,-10.822832107543945,-9.23851203918457,-0.0025569533463567495,0.0,-0.0,-33.216828688605304
24.209700499894097,-10.754714965820312,-9.282470703125,-0.0025569533463567495,0.0,-0.0,-32.72268499272239
24.276346300030127,-10.685114860534668,-9.32670783996582,-0.0025569533463567495,0.0,-0.0,-32.353786475650004
24.342978700064123,-10.614532470703125,-9.371014595031738,-0.0025569533463567495,0.0,-0.0,-32.0335428111302
24.409726500045508,-10.543824195861816,-9.414555549621582,-0.0025569533463567495,0.0,-0.0,-31.46184231722179
24.476368699921295,-10.473196029663086,-9.456777572631836,-0.0025569533463567495,0.0,-0.0,-30.665698392092175
24.542947999900207,-10.400960922241211,-9.498770713806152,-0.0025569533463567495,0.0,-0.0,-30.024237761095847
24.609719899948686,-10.327466011047363,-9.540627479553223,-0.0025569533463567495,0.0,-0.0,-29.554276349969363
24.676302900072187,-10.253267288208008,-9.58220386505127,-0.0025569533463567495,0.0,-0.0,-29.160147114102944
24.74301359988749,-10.179373741149902,-9.62265682220459,-0.0025569533463567495,0.0,-0.0,-28.520983134215033
24.80975849996321,-10.10598087310791,-9.66149616241455,-0.0025569533463567495,0.0,-0.0,-27.66048516672556
24.8764380000066,-10.032679557800293,-9.698728561401367,-0.0025569533463567495,0.0,-0.0,-26.682955322902504
24.94296190002933,-9.957379341125488,-9.735600471496582,-0.0025569533463567495,0.0,-0.0,-25.91383162612946
25.00965470005758,-9.880592346191406,-9.772200584411621,-0.0025569533463567495,0.0,-0.0,-25.357065340841288
25.0763570999261,-9.803506851196289,-9.80805778503418,-0.0025569533463567495,0.0,-0.0,-24.78690505459072
25.143073099898174,-9.727137565612793,-9.842363357543945,-0.0025569533463567495,0.0,-0.0,-23.972857496099213
25.209650400094688,-9.651300430297852,-9.874950408935547,-0.0025569533463567495,0.0,-0.0,-23.00105305834792
25.27638059994206,-9.573643684387207,-9.90695571899414,-0.0025569533463567495,0.0,-0.0,-22.22118376646316
25.342991299927235,-9.494556427001953,-9.938567161560059,-0.0025569533463567495,0.0,-0.0,-21.657447273126987
25.409662399906665,-9.414702415466309,-9.96976089477539,-0.0025569533463567495,0.0,-0.0,-21.241029422451525
25.476324599934742,-9.334402084350586,-10.000584602355957,-0.0025569533463567495,0.0,-0.0,-20.92573593753269
25.543019599979743,-9.253827095031738,-10.031086921691895,-0.0025569533463567495,0.0,-0.0,-20.675278023310202
25.609767799964175,-9.173064231872559,-10.061310768127441,-0.0025569533463567495,0.0,-0.0,-20.467800781987307
25.67647540010512,-9.09244155883789,-10.091022491455078,-0.0025569533463567495,0.0,-0.0,-20.11915719089859
25.743001099908724,-9.01267147064209,-10.119478225708008,-0.0025569533463567495,0.0,-0.0,-19.446716529374374
25.80962450010702,-8.933752059936523,-10.14633846282959,-0.0025569533463567495,0.0,-0.0,-18.56343988100291
25.876283899880946,-8.854506492614746,-10.171893119812012,-0.0025569533463567495,0.0,-0.0,-17.669335675249684
25.943025900050998,-8.773415565490723,-10.196956634521484,-0.0025569533463567495,0.0,-0.0,-17.02903276131767
26.00963620003313,-8.691397666931152,-10.221518516540527,-0.0025569533463567495,0.0,-0.0,-16.563230935395723
26.076359200058505,-8.60919189453125,-10.24544906616211,-0.0025569533463567495,0.0,-0.0,-16.10016630778366
26.143012899905443,-8.527929306030273,-10.268081665039062,-0.0025569533463567495,0.0,-0.0,-15.364254405849808
26.209648499963805,-8.446270942687988,-10.2896728515625,-0.0025569533463567495,0.0,-0.0,-14.646840363735642
26.276305000064895,-8.363463401794434,-10.310701370239258,-0.0025569533463567495,0.0,-0.0,-14.131023623842632
26.342938099987805,-8.28007698059082,-10.331238746643066,-0.0025569533463567495,0.0,-0.0,-13.746875855674544
26.409612599993125,-8.196365356445312,-10.351366996765137,-0.0025569533463567495,0.0,-0.0,-13.450697508921635
26.476268300088122,-8.112456321716309,-10.371156692504883,-0.0025569533463567495,0.0,-0.0,-13.213724949441687
26.543016500072554,-8.028417587280273,-10.390657424926758,-0.0025569533463567495,0.0,-0.0,-13.015603359734422
26.60960209998302,-7.944284439086914,-10.409902572631836,-0.0025569533463567495,0.0,-0.0,-12.84275176240891
26.676309899892658,-7.860079288482666,-10.428916931152344,-0.0025569533463567495,0.0,-0.0,-12.68682281252575
26.74294689996168,-7.775813579559326,-10.447718620300293,-0.0025569533463567495,0.0,-0.0,-12.541970721929056
26.80967040010728,-7.691495418548584,-10.466315269470215,-0.0025569533463567495,0.0,-0.0,-12.404315943170268
26.876277999952435,-7.6071295738220215,-10.484716415405273,-0.0025569533463567495,0.0,-0.0,-12.271479862870919
26.942975099897012,-7.522790431976318,-10.502863883972168,-0.0025569533463567495,0.0,-0.0,-12.080561561417076
27.00972420000471,-7.439210414886475,-10.520177841186523,-0.0025569533463567495,0.0,-0.0,-11.549293226074207
27.076257599983364,-7.356629848480225,-10.5361909866333,-0.0025569533463567495,0.0,-0.0,-10.771814500398948
27.143008700106293,-7.273050785064697,-10.551361083984375,-0.0025569533463567495,0.0,-0.0,-10.143718842061038
27.209583699936047,-7.188653945922852,-10.565922737121582,-0.0025569533463567495,0.0,-0.0,-9.683861842037942
27.276507399976254,-7.103828430175781,-10.579995155334473,-0.0025569533463567495,0.0,-0.0,-9.338714454030626
27.342914799926803,-7.018767356872559,-10.593668937683105,-0.0025569533463567495,0.0,-0.0,-9.069283128067488
27.409612499875948,-6.933566093444824,-10.607013702392578,-0.0025569533463567495,0.0,-0.0,-8.849240899992711
27.476302299881354,-6.848272323608398,-10.620078086853027,-0.0025569533463567495,0.0,-0.0,-8.662330212034373
27.5429301999975,-6.762913227081299,-10.632891654968262,-0.0025569533463567495,0.0,-0.0,-8.497114766200934
27.60958920000121,-6.677504062652588,-10.645478248596191,-0.0025569533463567495,0.0,-0.0,-8.346005368550864
27.67640409991145,-6.59205436706543,-10.657851219177246,-0.0025569533463567495,0.0,-0.0,-8.204336146107398
27.74292579991743,-6.506568908691406,-10.67002010345459,-0.0025569533463567495,0.0,-0.0,-8.068839707126331
27.809611900011078,-6.421051979064941,-10.68199348449707,-0.0025569533463567495,0.0,-0.0,-7.937411499569654
27.876331300009042,-6.335505962371826,-10.693774223327637,-0.0025569533463567495,0.0,-0.0,-7.808612061069785
27.942968799965456,-6.249934673309326,-10.705362319946289,-0.0025569533463567495,0.0,-0.0,-7.678114466787521
28.009757000021636,-6.164758205413818,-10.716471672058105,-0.0025569533463567495,0.0,-0.0,-7.31438469536954
28.07628359994851,-6.080608367919922,-10.726540565490723,-0.0025569533463567495,0.0,-0.0,-6.646389633221354
28.142928400076926,-5.9958391189575195,-10.735774993896484,-0.0025569533463567495,0.0,-0.0,-6.0895332748135
28.20957940001972,-5.91047477722168,-10.744405746459961,-0.0025569533463567495,0.0,-0.0,-5.677790261738091
28.276277899974957,-5.824800968170166,-10.75256061553955,-0.0025569533463567495,0.0,-0.0,-5.364530465644626
28.34297139989212,-5.738959789276123,-10.760335922241211,-0.0025569533463567495,0.0,-0.0,-5.116139964306535
28.409615400014445,-5.653021335601807,-10.767792701721191,-0.0025569533463567495,0.0,-0.0,-4.910024918836236
28.476282899966463,-5.567019939422607,-10.77497673034668,-0.0025569533463567495,0.0,-0.0,-4.732256439081961
28.54292290005833,-5.4809770584106445,-10.781917572021484,-0.0025569533463567495,0.0,-0.0,-4.573043875755317
28.609590499894693,-5.394903659820557,-10.788633346557617,-0.0025569533463567495,0.0,-0.0,-4.4258908651819775
28.676438099937513,-5.308798789978027,-10.795140266418457,-0.0025569533463567495,0.0,-0.0,-4.286802173584308
28.742976400069892,-5.222680568695068,-10.801443099975586,-0.0025569533463567495,0.0,-0.0,-4.153006878593397
28.80962110008113,-5.136544704437256,-10.807548522949219,-0.0025569533463567495,0.0,-0.0,-4.022641192339479
28.876419400097802,-5.050393104553223,-10.813461303710938,-0.0025569533463567495,0.0,-0.0,-3.8945943553087807
28.942940900102258,-4.964227199554443,-10.819184303283691,-0.0025569533463567495,0.0,-0.0,-3.7680245466860973
29.009601400000975,-4.878048419952393,-10.82471752166748,-0.0025569533463567495,0.0,-0.0,-3.642432308888372
29.07632269989699,-4.791844367980957,-10.83006477355957,-0.0025569533463567495,0.0,-0.0,-3.5174731442493425
29.142980000004172,-4.705641269683838,-10.835222244262695,-0.0025569533463567495,0.0,-0.0,-3.392959436010245
29.209697999991477,-4.619627475738525,-10.840069770812988,-0.0025569533463567495,0.0,-0.0,-3.1383972184268116
29.276307200081646,-4.534695625305176,-10.844074249267578,-0.0025569533463567495,0.0,-0.0,-2.529633556760977
29.342998400097713,-4.450033187866211,-10.8470458984375,-0.0025569533463567495,0.0,-0.0,-1.8566629152458483
29.40960650006309,-4.364526748657227,-10.84925365447998,-0.0025569533463567495,0.0,-0.0,-1.366317765036815
29.47626839997247,-4.2786102294921875,-10.850882530212402,-0.0025569533463567495,0.0,-0.0,-1.000899549511665
29.542958399979398,-4.19249153137207,-10.85206127166748,-0.0025569533463567495,0.0,-0.0,-0.718063390332994
29.609584300080314,-4.106269836425781,-10.852880477905273,-0.0025569533463567495,0.0,-0.0,-0.48913706049958733
29.676259899977595,-4.019990921020508,-10.853397369384766,-0.0025569533463567495,0.0,-0.0,-0.2963821318500989
29.74294129991904,-3.9336800575256348,-10.85365104675293,-0.0025569533463567495,0.0,-0.0,-0.12732194318439116
29.809586100047454,-3.847351312637329,-10.853668212890625,-0.0025569533463567495,0.0,-0.0,0.02633666916093365
29.876254699891433,-3.761012077331543,-10.85346508026123,-0.0025569533463567495,0.0,-0.0,0.16967772047599883
29.942919600056484,-3.6746668815612793,-10.853055000305176,-0.0025569533463567495,0.0,-0.0,0.30630490261024645
30.0095893999096,-3.5883188247680664,-10.85244369506836,-0.0025569533463567495,0.0,-0.0,0.43850708265767785
30.076267099939287,-3.501969337463379,-10.851635932922363,-0.0025569533463567495,0.0,-0.0,0.5677794850771439
30.143024099990726,-3.4156200885772705,-10.850635528564453,-0.0025569533463567495,0.0,-0.0,0.6951293226473838
30.210139600094408,-3.3379247188568115,-10.847984313964844,0.0010503190569579601,-0.31903077233359667,-0.22376380071836127,0.7729491896776298
30.276287500048056,-3.2671611309051514,-10.843576431274414,0.001755105797201395,-0.35876462409777893,-0.918578481096675,0.8417053423184161
30.343046699883416,-3.1859123706817627,-10.84008502960205,-0.0007094605825841427,-0.09011840970343415,-1.3683599915986486,0.7278747969931587
30.409615600015968,-3.1008360385894775,-10.838945388793945,-0.0014223578618839383,0.024529463805550423,-1.4401862609105027,0.2958984157186444
30.47627649991773,-3.0148417949676514,-10.838895797729492,-0.001557301264256239,0.0015656731868962314,-1.4364228266778258,-0.03956233330772495
30.542932600015774,-2.9285762310028076,-10.839174270629883,-0.0015700900694355369,0.0015004386062535784,-1.424688561683744,-0.21694440378084567
30.609584300080314,-2.842209815979004,-10.839600563049316,-0.001600152812898159,0.0012693494276503786,-1.328280441549014,-0.29329734094448606
30.67624150007032,-2.7558085918426514,-10.84006404876709,-0.0017838814528658986,0.0007492045089381231,-1.118832690650573,-0.30246863081337355
30.743005899945274,-2.669403076171875,-10.840490341186523,-0.002076872391626239,0.0009215411998799035,-0.7279819989466161,-0.26692715449783044
30.809637499973178,-2.5829789638519287,-10.840846061706543,-0.002499623689800501,0.0007559975435299024,-0.07862230086591017,-0.19904614652487848
30.8763512999285,-2.4965994358062744,-10.84104061126709,-0.0025567184202373028,-3.0517577888599647e-05,-0.00010928302020642803,-0.11236384224227644
30.943052500020713,-2.410222291946411,-10.841099739074707,-0.0025570678990334272,4.126949988304921e-05,-0.0,-0.012958890731580752
31.00962999998592,-2.3238508701324463,-10.840998649597168,-0.0025570678990334272,4.12694510297293e-05,-0.0,0.09469603049962447
31.076279199915007,-2.2374844551086426,-10.840726852416992,-0.002557105850428343,4.12693989195214e-05,-0.0,0.2079467501272646
31.142927899956703,-2.1511216163635254,-10.840280532836914,-0.002557105850428343,4.12693468093135e-05,-0.0,0.3247375287872746
31.209604900097474,-2.0647621154785156,-10.8396577835083,-0.002557144034653902,4.126930121288158e-05,-0.0,0.44387811930539367
31.276266899891198,-1.9784057140350342,-10.838850975036621,-0.002557105850428343,4.126924584578569e-05,-0.0,0.5646056349080565
31.342918199952692,-1.8920520544052124,-10.837861061096191,-0.0025571822188794613,4.1269193735577786e-05,-0.0,0.6863402565677525
31.409603799926117,-1.8057008981704712,-10.836688995361328,-0.0025571822188794613,4.1269128597817915e-05,-0.0,0.8087462644785195
31.47625770000741,-1.7193528413772583,-10.835331916809082,-0.0025571822188794613,4.1269083001386e-05,-0.0,0.9315795327383826
31.542947700014338,-1.6330084800720215,-10.83378791809082,-0.0025572204031050205,4.126901786362612e-05,-0.0,1.054748547484634
31.60959120001644,-1.5466673374176025,-10.832058906555176,-0.0025572204031050205,4.126895923964224e-05,-0.0,1.1780698541050356
31.676273199962452,-1.4603310823440552,-10.830143928527832,-0.0025572585873305798,4.126890387254634e-05,-0.0,1.3015137839653803
31.74292020010762,-1.373998999595642,-10.82804012298584,-0.002557105850428343,4.126884850545044e-05,-0.0,1.4250488541624622
31.809592300094664,-1.2876712083816528,-10.825753211975098,-0.002557105850428343,4.126880290901853e-05,-0.0,1.5486449691752509
31.876274900045246,-1.2013486623764038,-10.823277473449707,-0.0025570678990334272,4.1268741028146646e-05,-0.0,1.6722717133175993
31.942926799878478,-1.1150317192077637,-10.820615768432617,-0.002557105850428343,4.126868240416276e-05,-0.0,1.7959286597026833
32.00957960006781,-1.028721570968628,-10.817766189575195,-0.002557144034653902,4.126861726640288e-05,-0.0,1.9195862464180025
32.07625889987685,-0.9424171447753906,-10.814732551574707,-0.002557105850428343,4.126856515619498e-05,-0.0,2.043243406246498
32.14294539997354,-0.8561189770698547,-10.811514854431152,-0.002557105850428343,4.126850001843511e-05,-0.0,2.166900566074994
32.2096351000946,-0.7753579020500183,-10.808378219604492,0.005710447207093239,-0.10125731432160102,0.1607621624945901,2.2545163117572136
32.27626350009814,-0.706915020942688,-10.805935859680176,0.038556721061468124,-0.488159169509512,0.8051494761894202,2.325531282661717
32.34293800010346,-0.6285228729248047,-10.802050590515137,0.056062448769807816,-0.41723629943709784,1.213137112520939,2.4606322110011574
32.40959749999456,-0.5445200204849243,-10.79805850982666,0.061752140522003174,-0.01690673757055814,1.4335884048939762,2.6095890318456156
32.4762800000608,-0.45828118920326233,-10.794014930725098,0.061668653041124344,0.0022642550259280012,1.4358832417333947,2.733825903979916
32.54293500003405,-0.37205660343170166,-10.789765357971191,0.061668481677770615,0.001948112816633618,1.4358832417333947,2.857635889291091
32.6095948999282,-0.2858840525150299,-10.785463333129883,0.05937086045742035,-0.0021362319178015723,1.384615841823279,2.7978213614083507
32.676369399996474,-0.20037592947483063,-10.781733512878418,0.05224400758743286,-0.005432130655459134,1.2252811888652217,2.380920488292524
32.74292519991286,-0.11539598554372787,-10.778852462768555,0.04071317985653877,-0.004699707092550985,0.9677421827424267,1.8195190658788496
32.809585199924186,-0.029723210260272026,-10.776551246643066,0.022628379985690117,-0.0012207044443542875,0.5637501537145124,1.4610898414219153
32.87629740010016,0.056409381330013275,-10.774566650390625,-0.0014638719148933887,-0.0012207030894888819,0.02469113218206944,1.2672730851607543
32.942938700085506,0.1427764892578125,-10.772759437561035,-0.0025557405315339565,0.00010941547784113662,6.147169601633877e-05,1.1826475749528251
33.009611800080165,0.22916798293590546,-10.770998001098633,-0.0025572204031050205,0.0,-0.0,1.168792749664866
33.07624930003658,0.3155568540096283,-10.769201278686523,-0.0025570678990334272,0.0,-0.0,1.2028196848928117
33.142948699882254,0.40193331241607666,-10.767317771911621,-0.002557029714807868,0.0,-0.0,1.2673340232547554
33.209603199968114,0.4882967174053192,-10.765312194824219,-0.002557029714807868,0.0,-0.0,1.3522340216899544
33.27630309993401,0.5746483206748962,-10.763165473937988,-0.002557029714807868,0.0,-0.0,1.4503172457186302
33.34294759994373,0.660988986492157,-10.760860443115234,-0.002557144034653902,0.0,-0.0,1.5572204851216134
33.4095868000295,0.7473210692405701,-10.75838565826416,-0.002557144034653902,0.0,-0.0,1.669799825168289
33.47626690007746,0.833644688129425,-10.755739212036133,-0.0025572204031050205,0.0,-0.0,1.7861939325881226
33.54293620004319,0.9199608564376831,-10.752913475036621,-0.0025572204031050205,0.0,-0.0,1.9051207595295616
33.609670999925584,1.0062988996505737,-10.74997329711914,-0.0025572204031050205,0.0,-0.0,1.940704124114624
33.67625320004299,1.0922760963439941,-10.747396469116211,-0.002557296771556139,0.0,-0.0,1.6174316975847436
33.742929900065064,1.1783697605133057,-10.745302200317383,-0.002557144034653902,0.0,-0.0,1.3340149189657686
33.809587199939415,1.2646846771240234,-10.74346923828125,-0.0025572585873305798,0.0,-0.0,1.1884155629851951
33.87628969992511,1.3510682582855225,-10.741744041442871,-0.002557296771556139,0.0,-0.0,1.1364440132603335
33.94294569990598,1.437462568283081,-10.740025520324707,-0.002557296771556139,0.0,-0.0,1.144165008508504
34.009596300078556,1.5238474607467651,-10.738248825073242,-0.0025572585873305798,0.0,-0.0,1.191314658122748
34.07624810002744,1.610219955444336,-10.736371994018555,-0.0025572585873305798,0.0,-0.0,1.2648313992541804
34.142930099973455,1.6965795755386353,-10.734366416931152,-0.0025570678990334272,0.0,-0.0,1.3556214753531635
34.20966139994562,1.7829281091690063,-10.732208251953125,-0.0025570678990334272,0.0,-0.0,1.4575499891628505
34.27629470010288,1.8692668676376343,-10.729888916015625,-0.0025570678990334272,0.0,-0.0,1.567077515311
34.34296309994534,1.9555970430374146,-10.727399826049805,-0.002557029714807868,0.0,-0.0,1.681427155013178
34.40962729998864,2.041919469833374,-10.724733352661133,-0.002557029714807868,0.0,-0.0,1.7989503780801794
34.4762651999481,2.1282341480255127,-10.721888542175293,-0.002557029714807868,0.0,-0.0,1.9186093159232789
34.543022099882364,2.214541435241699,-10.718859672546387,-0.002557029714807868,0.0,-0.0,2.0396424024500206
34.60959080001339,2.3008484840393066,-10.715654373168945,-0.002557029714807868,0.0,-0.0,2.1531069990461535
34.676358999917284,2.387082576751709,-10.712555885314941,-0.002557029714807868,0.0,-0.0,1.993743958114358
34.74296880001202,2.472599983215332,-10.710095405578613,-0.002557029714807868,0.0,-0.0,1.5113221475076566
34.80961679993197,2.5579428672790527,-10.708465576171875,-0.002557029714807868,0.0,-0.0,0.97839364930965
34.87626919988543,2.6439993381500244,-10.70736026763916,-0.002557029714807868,0.0,-0.0,0.6684264846438074
34.94294820004143,2.730311870574951,-10.706547737121582,-0.002557029714807868,0.0,-0.0,0.5067443276845282
35.00960469990969,2.8167049884796143,-10.705863952636719,-0.002557029714807868,0.0,-0.0,0.44192505872874027
35.076285199960694,2.9031143188476562,-10.705202102661133,-0.002557029714807868,0.0,-0.0,0.4420470949993014
35.14294490008615,2.9895172119140625,-10.704490661621094,-0.002557029714807868,0.0,-0.0,0.48461915716788845
35.20960780000314,3.0759081840515137,-10.703682899475098,-0.002557029714807868,0.0,-0.0,0.5547789670439651
35.276281300000846,3.162287473678589,-10.702747344970703,-0.002557029714807868,0.0,-0.0,0.6433715898600552
35.34295449987985,3.2486572265625,-10.701664924621582,-0.002557029714807868,0.0,-0.0,0.7440184827050128
35.40962180006318,3.3350188732147217,-10.700422286987305,-0.002557029714807868,0.0,-0.0,0.8526000276531153
35.476287099998444,3.4213736057281494,-10.69900894165039,-0.002557029714807868,0.0,-0.0,0.9663391124765179
35.54326210008003,3.5077226161956787,-10.697419166564941,-0.002557029714807868,0.0,-0.0,1.0834960666492772
35.60962800006382,3.594075918197632,-10.695660591125488,-0.002557029714807868,0.0,-0.0,1.1910401698954785
35.67639679997228,3.6804749965667725,-10.694010734558105,-0.002557029714807868,0.0,-0.0,1.0299071494732976
35.74308419995941,3.7660176753997803,-10.69299030303955,-0.002557029714807868,0.0,-0.0,0.5463866389055765
35.80979650001973,3.8506665229797363,-10.692928314208984,-0.002557029714807868,0.0,-0.0,-0.14021898118360163
35.87641569995321,3.9350669384002686,-10.693964958190918,-0.002557029714807868,0.0,-0.0,-0.8674191369136628
35.94310289993882,4.020676612854004,-10.69580078125,-0.002557029714807868,0.0,-0.0,-1.328489295927228
36.009723800001666,4.1068034172058105,-10.698111534118652,-0.002557029714807868,0.0,-0.0,-1.5929362913435507
36.07644680002704,4.193182468414307,-10.70067024230957,-0.002557029714807868,0.0,-0.0,-1.7228028401795286
36.143119500018656,4.27954626083374,-10.703323364257812,-0.002557029714807868,0.0,-0.0,-1.766509327400146
36.20975019992329,4.365916728973389,-10.705975532531738,-0.002557029714807868,0.0,-0.0,-1.7525563181428678
36.27641579997726,4.452282428741455,-10.708562850952148,-0.002557029714807868,0.0,-0.0,-1.7012979895777434
36.34312169998884,4.538638591766357,-10.711044311523438,-0.002557029714807868,0.0,-0.0,-1.6251491710166233
36.409761500079185,4.624989032745361,-10.713391304016113,-0.002557029714807868,0.0,-0.0,-1.5326230529296936
36.47645589988679,4.7113356590271,-10.715585708618164,-0.002557029714807868,0.0,-0.0,-1.4295040584920147
36.54312020004727,4.7976813316345215,-10.71761703491211,-0.002557029714807868,0.0,-0.0,-1.3193158182633722
36.60975280008279,4.884027004241943,-10.719475746154785,-0.002557029714807868,0.0,-0.0,-1.204536410252012
36.676467299927026,4.970373630523682,-10.721158027648926,-0.002557029714807868,0.0,-0.0,-1.0866864053219079
36.743115900084376,5.056722164154053,-10.722661018371582,-0.002557029714807868,0.0,-0.0,-0.966827364280468
36.809750200016424,5.14307165145874,-10.723981857299805,-0.002557029714807868,0.0,-0.0,-0.84563190067838
36.87644540006295,5.229423522949219,-10.725118637084961,-0.002557029714807868,0.0,-0.0,-0.7235954166738813
36.943095800001174,5.31577730178833,-10.726070404052734,-0.002557029714807868,0.0,-0.0,-0.6009878648217459
37.00977410003543,5.402132987976074,-10.726837158203125,-0.002557029714807868,0.0,-0.0,-0.4780044924827013
37.076439999975264,5.488512992858887,-10.727521896362305,-0.002557029714807868,0.0,-0.0,-0.4762098069174275
37.143187100067735,5.57444429397583,-10.728604316711426,-0.002557029714807868,0.0,-0.0,-0.8307987041526692
37.20976069988683,5.659912109375,-10.730424880981445,-0.002557029714807868,0.0,-0.0,-1.3328225173470725
37.276440100045875,5.745970726013184,-10.732778549194336,-0.002557029714807868,0.0,-0.0,-1.6298234750081448
37.34309930005111,5.832254886627197,-10.735418319702148,-0.002557029714807868,0.0,-0.0,-1.784471977865339
37.409767699893564,5.918608665466309,-10.738184928894043,-0.002557029714807868,0.0,-0.0,-1.844631110136048
37.47642940003425,6.004976272583008,-10.740966796875,-0.002557029714807868,0.0,-0.0,-1.8407931841527354
37.54310870007612,6.09133768081665,-10.743695259094238,-0.002557029714807868,0.0,-0.0,-1.796212966326885
37.609759900020435,6.177691459655762,-10.74632453918457,-0.002557029714807868,0.0,-0.0,-1.7240865955783735
37.676448199898005,6.264039039611816,-10.748823165893555,-0.002557029714807868,0.0,-0.0,-1.634625631603193
37.7431157999672,6.350382328033447,-10.751173973083496,-0.002557029714807868,0.0,-0.0,-1.5332468412999862
37.80975569994189,6.43672513961792,-10.753361701965332,-0.002557029714807868,0.0,-0.0,-1.424283766253715
37.876463500084355,6.523067951202393,-10.755379676818848,-0.002557029714807868,0.0,-0.0,-1.310313842380707
37.943101099925116,6.60941219329834,-10.757223129272461,-0.002557029714807868,0.0,-0.0,-1.193002461899682
38.00977259990759,6.695757865905762,-10.758886337280273,-0.002557029714807868,0.0,-0.0,-1.073520895531591
38.07646090001799,6.782106399536133,-10.760367393493652,-0.002557029714807868,0.0,-0.0,-0.9525867400261088
38.143117799889296,6.86845588684082,-10.761666297912598,-0.002557029714807868,0.0,-0.0,-0.8307034550302592
38.20975819998421,6.954807758331299,-10.762779235839844,-0.002557029714807868,0.0,-0.0,-0.7081950476427951
38.27651180000976,7.04116153717041,-10.763707160949707,-0.002557029714807868,0.0,-0.0,-0.5852776826787761
38.34311249991879,7.127516746520996,-10.764449119567871,-0.002557029714807868,0.0,-0.0,-0.4620914323770409
38.409754999913275,7.213873863220215,-10.765006065368652,-0.002557029714807868,0.0,-0.0,-0.33873130573616134
38.4764624000527,7.300230979919434,-10.765377044677734,-0.002557029714807868,0.0,-0.0,-0.21525571954983935
38.54316319990903,7.386589050292969,-10.765562057495117,-0.002557029714807868,0.0,-0.0,-0.09170354052929941
38.60974929993972,7.472947597503662,-10.765560150146484,-0.002557029714807868,0.0,-0.0,0.03189087027125025
38.676428799983114,7.559305667877197,-10.765372276306152,-0.002557029714807868,0.0,-0.0,0.15554812681629196
38.743105199886486,7.645663261413574,-10.764998435974121,-0.002557029714807868,0.0,-0.0,0.27920529998500104
38.80976129998453,7.732019424438477,-10.764436721801758,-0.002557029714807868,0.0,-0.0,0.40286251317434973
38.876714000012726,7.8183746337890625,-10.763689994812012,-0.002557029714807868,0.0,-0.0,0.5265196463224192
38.94311750004999,7.904727458953857,-10.762757301330566,-0.002557029714807868,0.0,-0.0,0.6502074352804743
39.0097721000202,7.9910783767700195,-10.761636734008789,-0.002557029714807868,0.0,-0.0,0.7739258000072359
39.07648169994354,8.07742691040039,-10.760330200195312,-0.002557029714807868,0.0,-0.0,0.8976439512905858
39.14310059999116,8.163771629333496,-10.758837699890137,-0.002557029714807868,0.0,-0.0,1.0213621559347885
39.20983440009877,8.250113487243652,-10.757158279418945,-0.002557029714807868,0.0,-0.0,1.145080574022403
39.276460400084034,8.336451530456543,-10.755292892456055,-0.002557029714807868,0.0,-0.0,1.2687988853883116
39.34308849996887,8.422785758972168,-10.753240585327148,-0.002557029714807868,0.0,-0.0,1.3925169833108086
39.40979929990135,8.509115219116211,-10.751002311706543,-0.002557029714807868,0.0,-0.0,1.5162350812333059
39.476460499921814,8.595438957214355,-10.748578071594238,-0.002557029714807868,0.0,-0.0,1.6399534993209204
39.54311070009135,8.681757926940918,-10.745966911315918,-0.002557029714807868,0.0,-0.0,1.7636718106868285
39.60975759988651,8.768070220947266,-10.743168830871582,-0.002557029714807868,0.0,-0.0,1.887390228774443
39.67649360001087,8.854376792907715,-10.740185737609863,-0.002557029714807868,0.0,-0.0,2.011108433418646
39.74312809994444,8.94067668914795,-10.737014770507812,-0.002557029714807868,0.0,-0.0,2.1348268515062605
39.809765100013465,9.026972770690918,-10.733657836914062,-0.002557029714807868,0.0,-0.0,2.258544842707052
39.87653569993563,9.11325740814209,-10.73011589050293,-0.002557029714807868,0.0,-0.0,2.382263687681489
39.94311530003324,9.19954776763916,-10.726397514343262,-0.002557029714807868,0.0,-0.0,2.4907838676487675
40.009789699921384,9.285741806030273,-10.722808837890625,-0.002557029714807868,0.0,-0.0,2.315399123914826
40.076601800043136,9.371206283569336,-10.71988296508789,-0.002557029714807868,0.0,-0.0,1.8218989599177757
40.143120399909094,9.45605182647705,-10.717905044555664,-0.002557029714807868,0.0,-0.0,1.175750684716699
40.20975870010443,9.541731834411621,-10.716666221618652,-0.002557029714807868,0.0,-0.0,0.7324828268053901
40.27646249998361,9.627913475036621,-10.715859413146973,-0.002557029714807868,0.0,-0.0,0.48257447600682163
40.34318140009418,9.714269638061523,-10.715279579162598,-0.002557029714807868,0.0,-0.0,0.3606566932195782
40.40975650004111,9.800665855407715,-10.714803695678711,-0.002557029714807868,0.0,-0.0,0.29721066581293315
40.47653719992377,9.886685371398926,-10.714689254760742,-0.002557029714807868,0.0,-0.0,-0.024353904932013285
40.543176600011066,9.972175598144531,-10.715301513671875,-0.002557029714807868,0.0,-0.0,-0.5269848462379205
40.60978249995969,10.058210372924805,-10.716469764709473,-0.002557029714807868,0.0,-0.0,-0.8455065560349396
40.67643079999834,10.144508361816406,-10.71794319152832,-0.002557029714807868,0.0,-0.0,-1.0124765067114252
40.74311179993674,10.230888366699219,-10.719552993774414,-0.002557029714807868,0.0,-0.0,-1.0797139561180884
40.80975900008343,10.31728458404541,-10.72118854522705,-0.002557029714807868,0.0,-0.0,-1.0820695176080966
40.876474200049415,10.403676986694336,-10.722776412963867,-0.002557029714807868,0.0,-0.0,-1.041002044728043
40.9431259999983,10.490057945251465,-10.72426986694336,-0.002557029714807868,0.0,-0.0,-0.9715408351380115
41.00983090000227,10.576433181762695,-10.725637435913086,-0.002557029714807868,0.0,-0.0,-0.8836458521126149
41.076488099992275,10.662801742553711,-10.726856231689453,-0.002557029714807868,0.0,-0.0,-0.783288228451178
41.14310420001857,10.749166488647461,-10.72791576385498,-0.002557029714807868,0.0,-0.0,-0.674999367781181
41.20978579996154,10.835528373718262,-10.728805541992188,-0.002557029714807868,0.0,-0.0,-0.5614742599778701
41.27645000000484,10.92188835144043,-10.729519844055176,-0.002557029714807868,0.0,-0.0,-0.4444086595852597
41.34309930005111,11.008248329162598,-10.730055809020996,-0.002557029714807868,0.0,-0.0,-0.3250893102099567
41.409788799937814,11.094489097595215,-10.730341911315918,-0.002557029714807868,0.0,-0.0,-0.11968888662178456
41.47644899995066,11.179706573486328,-10.729920387268066,-0.002557029714807868,0.0,-0.0,0.4450072883134143
41.543117800028995,11.264863967895508,-10.728593826293945,-0.002557029714807868,0.0,-0.0,1.0258790454102826
41.60975160007365,11.350589752197266,-10.726566314697266,-0.002557029714807868,0.0,-0.0,1.4537962666053996
41.676456100074574,11.436588287353516,-10.724011421203613,-0.002557029714807868,0.0,-0.0,1.7777710286810275
41.74310309998691,11.52271556854248,-10.721043586730957,-0.002557029714807868,0.0,-0.0,2.033233764017844
41.80976499989629,11.608905792236328,-10.717741012573242,-0.002557029714807868,0.0,-0.0,2.2440185244463153
41.87644929997623,11.695127487182617,-10.714156150817871,-0.002557029714807868,0.0,-0.0,2.424865925412386
41.943112700013444,11.781363487243652,-10.710320472717285,-0.002557029714807868,0.0,-0.0,2.5858462270735934
42.00976789998822,11.867602348327637,-10.706256866455078,-0.002557029714807868,0.0,-0.0,2.7341921728741583
42.07643810007721,11.953839302062988,-10.701979637145996,-0.002557029714807868,0.0,-0.0,2.8740539565085093
42.143117799889296,12.040106773376465,-10.697545051574707,-0.002557029714807868,0.0,-0.0,2.94516006774975
42.2097849000711,12.126115798950195,-10.693400382995605,-0.002557029714807868,0.0,-0.0,2.6666872788728067
42.276456699939445,12.211668014526367,-10.68995475769043,-0.002557029714807868,0.0,-0.0,2.2009887595620583
42.343126399908215,12.297738075256348,-10.686982154846191,-0.002557029714807868,0.0,-0.0,1.9179687722451786
42.4097688999027,12.384031295776367,-10.68426513671875,-0.002557029714807868,0.0,-0.0,1.7744750355196732
42.47646089992486,12.470394134521484,-10.681654930114746,-0.002557029714807868,0.0,-0.0,1.7226867269636381
42.543112399987876,12.556766510009766,-10.679052352905273,-0.002557029714807868,0.0,-0.0,1.730529705121517
42.60977019998245,12.643129348754883,-10.676392555236816,-0.002557029714807868,0.0,-0.0,1.7777405062731741
42.676451300038025,12.72947883605957,-10.67363166809082,-0.002557029714807868,0.0,-0.0,1.8515934207778177
42.74312760005705,12.815813064575195,-10.67073917388916,-0.002557029714807868,0.0,-0.0,1.9423828565465662
42.80975429993123,12.90183162689209,-10.667534828186035,-0.002557029714807868,0.0,-0.0,2.2309878041704008
42.876487399917096,12.986626625061035,-10.663549423217773,-0.002557029714807868,0.0,-0.0,2.868896950241738
42.943133499938995,13.071426391601562,-10.65858268737793,-0.002557029714807868,0.0,-0.0,3.4971016781629567
43.00985140004195,13.156868934631348,-10.65282917022705,-0.002557029714807868,0.0,-0.0,3.9593223505256994
43.076472599990666,13.242615699768066,-10.64649486541748,-0.002557029714807868,0.0,-0.0,4.306031717418832
43.14311659988016,13.328499794006348,-10.639716148376465,-0.002557029714807868,0.0,-0.0,4.576509342985453
43.20977200008929,13.414443016052246,-10.632583618164062,-0.002557029714807868,0.0,-0.0,4.796602370592181
43.276449099881575,13.500410079956055,-10.625154495239258,-0.002557029714807868,0.0,-0.0,4.9840112354731065
43.34313019993715,13.586381912231445,-10.617467880249023,-0.002557029714807868,0.0,-0.0,5.149539162461073
43.409804800059646,13.672348022460938,-10.609548568725586,-0.002557029714807868,0.0,-0.0,5.300509395006804
43.476451999973506,13.758305549621582,-10.601411819458008,-0.002557029714807868,0.0,-0.0,5.442233685850453
43.54312909999862,13.843977928161621,-10.592966079711914,-0.002557029714807868,0.0,-0.0,5.726871574226979
43.60976039990783,13.928393363952637,-10.583819389343262,-0.002557029714807868,0.0,-0.0,6.360295207004323
43.6765189000871,14.011313438415527,-10.57364559173584,-0.002557029714807868,0.0,-0.0,7.2215333962450945
43.74311499996111,14.0928955078125,-10.56222915649414,-0.002557029714807868,0.0,-0.0,8.22535007686259
43.80979790003039,14.175601959228516,-10.549321174621582,-0.002557029714807868,0.0,-0.0,9.061322542589837
43.87648370000534,14.259509086608887,-10.53524398803711,-0.002557029714807868,0.0,-0.0,9.661176222483391
43.94310329994187,14.343914031982422,-10.520360946655273,-0.002557029714807868,0.0,-0.0,10.101943697549945
44.00980390002951,14.428529739379883,-10.504897117614746,-0.002557029714807868,0.0,-0.0,10.434432183704288
44.076464500045404,14.513219833374023,-10.488996505737305,-0.002557029714807868,0.0,-0.0,10.695543485484707
44.14311429997906,14.59792423248291,-10.472747802734375,-0.002557029714807868,0.0,-0.0,10.910079727314807
44.20985440001823,14.682618141174316,-10.456209182739258,-0.002557029714807868,0.0,-0.0,11.093401150864304
44.276478899875656,14.767287254333496,-10.43941879272461,-0.002557029714807868,0.0,-0.0,11.256272134265135
44.34311309992336,14.85192584991455,-10.42240047454834,-0.002557029714807868,0.0,-0.0,11.405871206334984
44.40978270000778,14.936532020568848,-10.405169486999512,-0.002557029714807868,0.0,-0.0,11.546678117395736
44.47644630004652,15.020788192749023,-10.38764762878418,-0.002557029714807868,0.0,-0.0,11.846421822895394
44.5431429001037,15.10368537902832,-10.36955451965332,-0.002557029714807868,0.0,-0.0,12.491748340961951
44.60984780010767,15.185007095336914,-10.350586891174316,-0.002557029714807868,0.0,-0.0,13.358113440948467
44.676463400013745,15.266319274902344,-10.330324172973633,-0.002557029714807868,0.0,-0.0,14.181171726502512
44.743104699999094,15.348677635192871,-10.30881404876709,-0.002557029714807868,0.0,-0.0,14.772111155755551
44.80982149997726,15.431442260742188,-10.28647232055664,-0.002557029714807868,0.0,-0.0,15.206833913406646
44.876441299915314,15.514358520507812,-10.263542175292969,-0.002557029714807868,0.0,-0.0,15.534163899190338
44.94318849989213,15.597305297851562,-10.240178108215332,-0.002557029714807868,0.0,-0.0,15.792618257383621
45.00978960003704,15.680192947387695,-10.216463088989258,-0.002557029714807868,0.0,-0.0,16.02955581214407
45.07654800009914,15.762112617492676,-10.19235610961914,-0.002557029714807868,0.0,-0.0,16.550702660910627
45.143106899922714,15.84251880645752,-10.167587280273438,-0.002557029714807868,0.0,-0.0,17.325206839202345
45.2098479999695,15.92332935333252,-10.14161205291748,-0.002557029714807868,0.0,-0.0,17.965707828620292
45.27649479988031,16.00461769104004,-10.114692687988281,-0.002557029714807868,0.0,-0.0,18.429754295925544
45.34314240003005,16.0860538482666,-10.08713150024414,-0.002557029714807868,0.0,-0.0,18.779239707829465
45.4098207000643,16.16751480102539,-10.059103012084961,-0.002557029714807868,0.0,-0.0,19.05133395379526
45.47653439990245,16.248945236206055,-10.030713081359863,-0.002557029714807868,0.0,-0.0,19.273132394260376
45.54315200005658,16.330326080322266,-10.002029418945312,-0.002557029714807868,0.0,-0.0,19.461305813441523
45.609800199978054,16.411645889282227,-9.973093032836914,-0.002557029714807868,0.0,-0.0,19.627347712164532
45.67647599987686,16.492902755737305,-9.943931579589844,-0.002557029714807868,0.0,-0.0,19.778808864556858
45.743247899925336,16.574094772338867,-9.914563179016113,-0.002557029714807868,0.0,-0.0,19.92071116720575
45.80982399987988,16.655181884765625,-9.884989738464355,-0.002557029714807868,0.0,-0.0,20.086116150788655
45.87655350007117,16.73537826538086,-9.855138778686523,-0.002557029714807868,0.0,-0.0,20.558403241327525
45.94312239997089,16.813953399658203,-9.824800491333008,-0.002557029714807868,0.0,-0.0,21.31618370143647
46.009851600043476,16.890846252441406,-9.793715476989746,-0.002557029714807868,0.0,-0.0,22.255385938731997
46.076617900049314,16.966228485107422,-9.761659622192383,-0.002557029714807868,0.0,-0.0,23.30765683509521
46.14319039997645,17.042234420776367,-9.727811813354492,-0.002557029714807868,0.0,-0.0,24.210792258478488
46.20988119998947,17.11928367614746,-9.692349433898926,-0.002557029714807868,0.0,-0.0,24.863807862003185
46.27655710000545,17.196720123291016,-9.655865669250488,-0.002557029714807868,0.0,-0.0,25.336219603494413
46.343143600039184,17.27353286743164,-9.618846893310547,-0.002557029714807868,0.0,-0.0,25.889688614960765
46.40983909997158,17.3486270904541,-9.58143138885498,-0.002557029714807868,0.0,-0.0,26.69938363540368
46.47654470009729,17.42332649230957,-9.54287052154541,-0.002557029714807868,0.0,-0.0,27.482837069055403
46.54315979988314,17.4986629486084,-9.502958297729492,-0.002557029714807868,0.0,-0.0,28.04350680745424
46.60980820003897,17.57415008544922,-9.462203979492188,-0.002557029714807868,0.0,-0.0,28.45980171472464
46.67651279992424,17.64963150024414,-9.420876502990723,-0.002557029714807868,0.0,-0.0,28.776085577073133
46.74317150004208,17.72490119934082,-9.379158020019531,-0.002557029714807868,0.0,-0.0,29.087313391888518
46.809842800023034,17.798866271972656,-9.337262153625488,-0.002557029714807868,0.0,-0.0,29.700285303856727
46.87653709994629,17.872453689575195,-9.294506072998047,-0.002557029714807868,0.0,-0.0,30.29480887487673
46.943306900095195,17.946218490600586,-9.25083065032959,-0.002557029714807868,0.0,-0.0,30.730202698613777
47.00980779994279,18.019948959350586,-9.206551551818848,-0.002557029714807868,0.0,-0.0,31.067515005869446
47.07653769990429,18.092754364013672,-9.162026405334473,-0.002557029714807868,0.0,-0.0,31.603070138690143
47.14315490005538,18.163808822631836,-9.117298126220703,-0.002557029714807868,0.0,-0.0,32.403336082983856
47.20990219991654,18.234785079956055,-9.071308135986328,-0.002557029714807868,0.0,-0.0,33.10243668038593
47.27650770009495,18.305999755859375,-9.024168014526367,-0.002557029714807868,0.0,-0.0,33.62852858611158
47.343255900079384,18.376054763793945,-8.976688385009766,-0.002557029714807868,0.0,-0.0,34.3164788996936
47.409856100101024,18.444541931152344,-8.92880630493164,-0.002557029714807868,0.0,-0.0,35.17603430107761
47.476542399963364,18.513334274291992,-8.87938117980957,-0.002557029714807868,0.0,-0.0,35.85058719860265
47.543190099997446,18.58211898803711,-8.828930854797363,-0.002557029714807868,0.0,-0.0,36.40145561554252
47.609822700032964,18.649375915527344,-8.778319358825684,-0.002557029714807868,0.0,-0.0,37.1684073121595
47.67657930008136,18.71573257446289,-8.726874351501465,-0.002557029714807868,0.0,-0.0,37.96671640725601
47.74322500010021,18.782428741455078,-8.673977851867676,-0.002557029714807868,0.0,-0.0,38.55771901575887
47.809848699951544,18.8480281829834,-8.62071418762207,-0.002557029714807868,0.0,-0.0,39.26907980272111
47.87654450000264,18.91343879699707,-8.566340446472168,-0.002557029714807868,0.0,-0.0,39.87309392159285
47.94320239988156,18.97888946533203,-8.511001586914062,-0.002557029714807868,0.0,-0.0,40.31673519875269
48.00987869990058,19.044218063354492,-8.455060005187988,-0.002557029714807868,0.0,-0.0,40.65252437382343
48.0765342998784,19.109394073486328,-8.398695945739746,-0.002557029714807868,0.0,-0.0,40.9148548643707
48.1431481000036,19.174407958984375,-8.342022895812988,-0.002557029714807868,0.0,-0.0,41.13022438927955
48.209842399926856,19.239267349243164,-8.285104751586914,-0.002557029714807868,0.0,-0.0,41.31406234588502
48.27654700004496,19.303977966308594,-8.227978706359863,-0.002557029714807868,0.0,-0.0,41.47727313119706
48.34318570001051,19.368547439575195,-8.170671463012695,-0.002557029714807868,0.0,-0.0,41.62708308535754
48.409847599919885,19.43282127380371,-8.113237380981445,-0.002557029714807868,0.0,-0.0,41.86067213987739
48.47657969989814,19.4958553314209,-8.055938720703125,-0.002557029714807868,0.0,-0.0,42.43385819993028
48.543246099958196,19.5582275390625,-7.998002529144287,-0.002557029714807868,0.0,-0.0,43.02302007245182
48.60993660008535,19.620424270629883,-7.939228534698486,-0.002557029714807868,0.0,-0.0,43.504206899479215
48.676675599999726,19.68132209777832,-7.880404949188232,-0.002557029714807868,0.0,-0.0,44.18766294858737
48.74316750001162,19.741981506347656,-7.82053804397583,-0.002557029714807868,0.0,-0.0,44.75523117804792
48.80993039999157,19.801727294921875,-7.760321617126465,-0.002557029714807868,0.0,-0.0,45.40501439454792
48.876579999923706,19.86012840270996,-7.699835777282715,-0.002557029714807868,0.0,-0.0,46.18768577153968
48.94323750003241,19.918399810791016,-7.6380791664123535,-0.002557029714807868,0.0,-0.0,46.825393213587084
49.009883400052786,19.975114822387695,-7.5763421058654785,-0.002557029714807868,0.0,-0.0,47.64496468756984
49.07668840000406,20.031614303588867,-7.513228416442871,-0.002557029714807868,0.0,-0.0,48.31904288694757
49.14329169993289,20.08756446838379,-7.449361801147461,-0.002557029714807868,0.0,-0.0,48.95405581936741
49.209919600049034,20.142269134521484,-7.385241985321045,-0.002557029714807868,0.0,-0.0,49.70279140146797
49.27697369991802,20.1968936920166,-7.319828987121582,-0.002557029714807868,0.0,-0.0,50.272961933002286
49.34317069989629,20.250356674194336,-7.254308700561523,-0.002557029714807868,0.0,-0.0,50.974477002275954
49.40999499987811,20.303424835205078,-7.187757968902588,-0.002557029714807868,0.0,-0.0,51.565694761737674
49.47661200002767,20.3563175201416,-7.120302200317383,-0.002557029714807868,0.0,-0.0,52.00349622715715
49.54316470003687,20.40823745727539,-7.052829265594482,-0.002557029714807868,0.0,-0.0,52.58686951435711
49.60990280006081,20.459087371826172,-6.985086917877197,-0.002557029714807868,0.0,-0.0,53.26227618552841
49.67656520009041,20.509794235229492,-6.916208744049072,-0.002557029714807868,0.0,-0.0,53.75424788125526
49.74317830009386,20.560258865356445,-6.846660137176514,-0.002557029714807868,0.0,-0.0,54.121032454779524
49.809857100015506,20.6104679107666,-6.776686191558838,-0.002557029714807868,0.0,-0.0,54.404567267605096
49.87653620005585,20.660303115844727,-6.706514358520508,-0.002557029714807868,0.0,-0.0,54.70983574236965
49.943185599986464,20.708871841430664,-6.636758327484131,-0.002557029714807868,0.0,-0.0,55.32373997515956
50.00993290008046,20.756330490112305,-6.566757678985596,-0.002557029714807868,0.0,-0.0,56.02256736499483
50.07653760001995,20.803607940673828,-6.4955620765686035,-0.002557029714807868,0.0,-0.0,56.53247855257671
50.14318550005555,20.849878311157227,-6.424351692199707,-0.002557029714807868,0.0,-0.0,57.16257033369957
50.209847500082105,20.895471572875977,-6.352461338043213,-0.002557029714807868,0.0,-0.0,57.75174928169403
50.27680670004338,20.940502166748047,-6.2799859046936035,-0.002557029714807868,0.0,-0.0,58.294564905602456
50.34326989995316,20.98426055908203,-6.207643508911133,-0.002557029714807868,0.0,-0.0,59.00044446575577
50.40988430008292,21.027666091918945,-6.134191989898682,-0.002557029714807868,0.0,-0.0,59.54680495784342
50.47649709996767,21.06998062133789,-6.060804843902588,-0.002557029714807868,0.0,-0.0,60.219114138226125
50.54322170000523,21.111244201660156,-5.987066745758057,-0.002557029714807868,0.0,-0.0,60.93096328371402
50.60984740010463,21.15217399597168,-5.912177562713623,-0.002557029714807868,0.0,-0.0,61.472044039573255
50.676491499878466,21.191858291625977,-5.8375749588012695,-0.002557029714807868,0.0,-0.0,62.18528654365184
50.74326670006849,21.23068618774414,-5.762318134307861,-0.002557029714807868,0.0,-0.0,62.864166366016086
50.8098063999787,21.26912498474121,-5.686031341552734,-0.002557029714807868,0.0,-0.0,63.385480554417306
50.876488300040364,21.306352615356445,-5.610073089599609,-0.002557029714807868,0.0,-0.0,64.08100554778888
50.943255899939686,21.34249496459961,-5.533805847167969,-0.002557029714807868,0.0,-0.0,64.81027850584948
51.009927300037816,21.378299713134766,-5.4562668800354,-0.002557029714807868,0.0,-0.0,65.33416084537862
51.076522399904206,21.413715362548828,-5.3780646324157715,-0.002557029714807868,0.0,-0.0,65.73042793045525
51.1431855999399,21.44820213317871,-5.3001203536987305,-0.002557029714807868,0.0,-0.0,66.29232027271553
51.209809799911454,21.481794357299805,-5.221932411193848,-0.002557029714807868,0.0,-0.0,66.88862310801433
51.27655200008303,21.51497459411621,-5.142899036407471,-0.002557029714807868,0.0,-0.0,67.32697781875657
51.34326400002465,21.54778289794922,-5.063381195068359,-0.002557029714807868,0.0,-0.0,67.65816003123216
51.40982150007039,21.58026123046875,-4.983566761016846,-0.002557029714807868,0.0,-0.0,67.91912106885083
51.476500999880955,21.612455368041992,-4.90355110168457,-0.002557029714807868,0.0,-0.0,68.13246202757617
51.54321049991995,21.6444034576416,-4.823388576507568,-0.002557029714807868,0.0,-0.0,68.31497151238808
51.609812000067905,21.676128387451172,-4.743110179901123,-0.002557029714807868,0.0,-0.0,68.47731144858095
51.67669210000895,21.707643508911133,-4.662734508514404,-0.002557029714807868,0.0,-0.0,68.62652376118905
51.74315120000392,21.738962173461914,-4.582272052764893,-0.002557029714807868,0.0,-0.0,68.76696611090284
51.8099134999793,21.76980972290039,-4.501984596252441,-0.002557029714807868,0.0,-0.0,69.08787571886673
51.87649150006473,21.799476623535156,-4.422412395477295,-0.002557029714807868,0.0,-0.0,69.72138259457458
51.94314379990101,21.828487396240234,-4.34212589263916,-0.002557029714807868,0.0,-0.0,70.2550662555627
52.00982160004787,21.857059478759766,-4.26117467880249,-0.002557029714807868,0.0,-0.0,70.65121722742344
52.07647809991613,21.88525390625,-4.179837703704834,-0.002557029714807868,0.0,-0.0,70.95415660768101
52.14317260007374,21.912883758544922,-4.09856653213501,-0.002557029714807868,0.0,-0.0,71.34367546585767
52.209876799955964,21.939226150512695,-4.0182037353515625,-0.002557029714807868,0.0,-0.0,72.0429024217594
52.27650979999453,21.964519500732422,-3.937551498413086,-0.002557029714807868,0.0,-0.0,72.75025047258424
52.34327300009318,21.989181518554688,-3.855989933013916,-0.002557029714807868,0.0,-0.0,73.32331017413749
52.409906399901956,22.012523651123047,-3.7751591205596924,-0.002557029714807868,0.0,-0.0,74.09715011653242
52.476499899988994,22.03504753112793,-3.6933858394622803,-0.002557029714807868,0.0,-0.0,74.75096314464271
52.5431685000658,22.056509017944336,-3.6117231845855713,-0.002557029714807868,0.0,-0.0,75.47375425318097
52.609913900028914,22.07663345336914,-3.5303637981414795,-0.002557029714807868,0.0,-0.0,76.29550797260356
52.67650850000791,22.096120834350586,-3.4475505352020264,-0.002557029714807868,0.0,-0.0,76.89689246864484
52.74329759995453,22.11458396911621,-3.3649697303771973,-0.002557029714807868,0.0,-0.0,77.58640006535762
52.80981880007312,22.131689071655273,-3.2829716205596924,-0.002557029714807868,0.0,-0.0,78.41751797413228
52.87653120001778,22.148038864135742,-3.199620008468628,-0.002557029714807868,0.0,-0.0,79.0467286608522
52.94315889989957,22.163793563842773,-3.115434169769287,-0.002557029714807868,0.0,-0.0,79.50547148626694
53.009806900052354,22.178955078125,-3.0310463905334473,-0.002557029714807868,0.0,-0.0,79.93479668692642
53.07650769990869,22.19298553466797,-2.947683095932007,-0.002557029714807868,0.0,-0.0,80.63969269983926
53.143168200040236,22.205562591552734,-2.8654165267944336,-0.002557029714807868,0.0,-0.0,81.54335404778863
53.209821899887174,22.216556549072266,-2.7840120792388916,-0.002557029714807868,0.0,-0.0,82.57201468773839
53.276624700054526,22.22625160217285,-2.7016072273254395,-0.002557029714807868,0.0,-0.0,83.5035022263664
53.34317360003479,22.23506736755371,-2.6173882484436035,-0.002557029714807868,0.0,-0.0,84.18447208661665
53.409831600030884,22.242773056030273,-2.5335850715637207,-0.002557029714807868,0.0,-0.0,84.95409097210452
53.47651940002106,22.24932861328125,-2.449604034423828,-0.002557029714807868,0.0,-0.0,85.7100426490632
53.54327240004204,22.25497817993164,-2.3649230003356934,-0.002557029714807868,0.0,-0.0,86.35466907273982
53.60994890006259,22.259395599365234,-2.2813565731048584,-0.002557029714807868,0.0,-0.0,87.19595030299948
53.67648719996214,22.26270866394043,-2.1980745792388916,-0.002557029714807868,0.0,-0.0,87.8774324274375
53.743167999899015,22.26488494873047,-2.129162549972534,-0.002557029714807868,0.0,-0.0,88.28491468313129
53.80986350006424,22.26631736755371,-2.0756466388702393,-0.002557029714807868,0.0,-0.0,88.51867790747497
53.87650920008309,22.267309188842773,-2.034334182739258,-0.002557029714807868,0.0,-0.0,88.65752882311216
53.94318119995296,22.268016815185547,-2.0025205612182617,-0.002557029714807868,0.0,-0.0,88.74362335760017
54.00986000010744,22.268529891967773,-1.9783000946044922,-0.002557029714807868,0.0,-0.0,88.79852441814873
54.14315630006604,22.26917839050293,-1.9463372230529785,-0.002557029714807868,0.0,-0.0,88.85934042251853
54.343156199902296,22.269611358642578,-1.9242033958435059,-0.002557029714807868,0.0,-0.0,88.89502133074268
60.14341320004314,22.27019500732422,-1.8930426836013794,-0.002557029714807868,0.0,-0.0,88.93969076791456
60.21004489995539,22.27082633972168,-1.8575856685638428,-0.002557029714807868,0.0,-0.0,88.99048005458278
60.276712300023064,22.271602630615234,-1.8112292289733887,-0.002557029714807868,0.0,-0.0,89.05688315369363
60.34344270010479,22.27245330810547,-1.7561779022216797,-0.002557029714807868,0.0,-0.0,89.1357445178506
60.40997930010781,22.2733154296875,-1.6943323612213135,-0.002557029714807868,0.0,-0.0,89.22433207138567
60.47670720005408,22.274003982543945,-1.6393479108810425,-0.002557029714807868,0.0,-0.0,89.30309098270509
60.54334060009569,22.274484634399414,-1.5971676111221313,-0.002557029714807868,0.0,-0.0,89.36351766629218
60.61000379989855,22.274826049804688,-1.5647141933441162,-0.002557029714807868,0.0,-0.0,89.40996295264827
60.6766520999372,22.275070190429688,-1.5399987697601318,-0.002557029714807868,0.0,-0.0,89.44536382311645
60.809987999964505,22.275373458862305,-1.507301926612854,-0.002557029714807868,0.0,-0.0,89.49217793968772
60.94365809997544,22.27555274963379,-1.4863924980163574,-0.002557029714807868,0.0,-0.0,89.52215563995492
61.21011439990252,22.27574920654297,-1.4622204303741455,-0.002557029714807868,0.0,-0.0,89.55682568018189
61.27677319990471,22.275964736938477,-1.4325519800186157,-0.002557029714807868,0.0,-0.0,89.59934360776522
61.343508899910375,22.276222229003906,-1.3907322883605957,-0.002557029714807868,0.0,-0.0,89.65923753659706
61.410127399954945,22.276479721069336,-1.3392300605773926,-0.002557029714807868,0.0,-0.0,89.7330035796332
61.47679449990392,22.276689529418945,-1.2801623344421387,-0.002557029714807868,0.0,-0.0,89.81758864231463
61.54356239992194,22.27681541442871,-1.2152445316314697,-0.002557029714807868,0.0,-0.0,89.91057483767518
61.610562700079754,22.276832580566406,-1.1456657648086548,-0.002557029714807868,0.0,-0.0,90.01025461842235
61.67679139995016,22.27672004699707,-1.0724449157714844,-0.002557029714807868,0.0,-0.0,90.11510485237122
61.74352049990557,22.276525497436523,-1.010651707649231,-0.002557029714807868,0.0,-0.0,90.20359678325791
61.81012020003982,22.276309967041016,-0.9627901315689087,-0.002557029714807868,0.0,-0.0,90.27215822214649
61.87677549989894,22.27610969543457,-0.9260112047195435,-0.002557029714807868,0.0,-0.0,90.32482581083646
61.94348999997601,22.275936126708984,-0.8978016972541809,-0.002557029714807868,0.0,-0.0,90.3652263797771
62.07680830010213,22.274005889892578,-0.8708564639091492,-0.00037147384136915207,-0.21197504095326472,-0.27431403076562566,90.3797541921417
62.3434556000866,22.274572372436523,-0.8476208448410034,-0.0004564471310004592,-0.2128600973995235,-0.6053869868949101,90.43154068642873
65.01002989988774,22.273744583129883,-0.8269169926643372,-0.0006988144014030695,-0.18991084855126578,-0.8198685338507977,90.4515941218319
65.07671059994027,22.273754119873047,-0.797036349773407,-0.0011529922485351562,-0.1507569091960867,-1.0574566107688383,90.50424121995435
65.14335180004127,22.273473739624023,-0.7541062831878662,-0.0017564392182976007,-0.09204097455266051,-1.2965064015301146,90.57086971530782
65.21003239997663,22.27280044555664,-0.7006022334098816,-0.0025970840360969305,-0.003479147201913416,-1.4324544867700486,90.6459949659888
65.27668659994379,22.27204132080078,-0.6401004791259766,-0.002619590610265732,0.0008824917902667208,-1.4354870907615342,90.72704882086936
65.34341190010309,22.2711181640625,-0.573960542678833,-0.0026242064777761698,0.00010339243670885597,-1.4357944492741848,90.82189282768415
65.41045359987766,22.27001190185547,-0.5034435391426086,-0.002627525245770812,0.0004122886173741754,-1.4356100341665945,90.92277472172523
65.4768201999832,22.268714904785156,-0.42950156331062317,-0.0026134871877729893,-0.0007629667106243875,-1.3966847860866916,91.0296535218576
65.5436386000365,22.267223358154297,-0.35292890667915344,-0.0026165007147938013,-0.0008239312766112087,-1.26191832357317,91.14203062427181
65.61017849994823,22.26552963256836,-0.2742312550544739,-0.0026405714452266693,-0.001068127110485277,-1.0013057323238692,91.25797308543277
65.67724250000902,22.263629913330078,-0.19387634098529816,-0.0026137924287468195,-0.0009460766659476409,-0.54099196340003,91.37444147115984
65.74352109991014,22.26153564453125,-0.1122283935546875,-0.0024811935145407915,0.004104943274296,-0.006878000077321177,91.49093034745441
65.81016819993965,22.259254455566406,-0.029578551650047302,-0.0025563049130141735,-6.1035142749647316e-05,-0.0,91.60933850690573
65.87679259991273,22.256811141967773,0.053889527916908264,-0.0025563049130141735,-6.1035142749647316e-05,-0.0,91.68611666336587
65.94342010002583,22.254589080810547,0.1377585530281067,-0.0025563049130141735,-6.1035142749647316e-05,-0.0,91.4328942300768
66.01008999999613,22.253061294555664,0.22130995988845825,-0.0025572585873305798,-6.103514926342331e-05,-0.0,90.89739373876947
66.07677239994518,22.25252342224121,0.30437740683555603,-0.0025572585873305798,-6.103514926342331e-05,-0.0,90.18208851756154
66.14344760007225,22.25315284729004,0.3869999349117279,-0.0025572585873305798,-6.103514926342331e-05,-0.0,89.34881226900914
66.21009510010481,22.25495719909668,0.4703158736228943,-0.0025572585873305798,-6.103514926342331e-05,-0.0,88.59154236554068
66.27675159997307,22.257585525512695,0.5552164316177368,-0.0025572585873305798,-6.103514926342331e-05,-0.0,88.12633135098193
66.34342990000732,22.26069450378418,0.6407925486564636,-0.0025572585873305798,-6.1035155777199294e-05,-0.0,87.86095801115943
66.4101581000723,22.264062881469727,0.7266620993614197,-0.0025572585873305798,-6.1035155777199294e-05,-0.0,87.7269223788871
66.47672610008158,22.267534255981445,0.8126742243766785,-0.0025569915305823088,-6.1035142749647316e-05,-0.0,87.6810918095563
66.54349999991246,22.27100944519043,0.89876389503479,-0.0025569915305823088,-6.1035155777199294e-05,-0.0,87.69350226327822
66.61011489992961,22.274423599243164,0.9849015474319458,-0.002557144034653902,-6.103514926342331e-05,-0.0,87.74407981408216
66.6771658998914,22.277734756469727,1.0710753202438354,-0.002557144034653902,-6.1035142749647316e-05,-0.0,87.81938947987072
66.74353939993307,22.280912399291992,1.1572775840759277,-0.0025572204031050205,-6.103514926342331e-05,-0.0,87.91133748647744
66.81020569987595,22.283939361572266,1.2435041666030884,-0.0025572204031050205,-6.1035155777199294e-05,-0.0,88.01409085235112
66.87673150002956,22.286577224731445,1.3293546438217163,-0.002557296771556139,-6.1035142749647316e-05,-0.0,88.35021129159661
66.94343420001678,22.288288116455078,1.4139783382415771,-0.002557144034653902,-6.103514926342331e-05,-0.0,89.02497250989134
67.01006869995035,22.288890838623047,1.4983174800872803,-0.0025571822188794613,-6.103514926342331e-05,-0.0,89.75631501527045
67.07674630009569,22.288646697998047,1.58367121219635,-0.0025571822188794613,-6.1035142749647316e-05,-0.0,90.28432278905828
67.1434009000659,22.28776741027832,1.6694952249526978,-0.0025571822188794613,-6.1035155777199294e-05,-0.0,90.67666251536217
67.21011129999533,22.288007736206055,1.73773193359375,0.02862800471484661,-0.382476933142374,0.5957359295976822,90.91245430588934
67.27681510010734,22.286649703979492,1.8118914365768433,0.05452537536621094,-0.27941887679869615,1.1906112553599426,91.15778104049787
67.34343090001494,22.28481674194336,1.8959847688674927,0.06255222111940384,-0.021209720062079815,1.426478177967993,91.34450475202766
67.41024119989015,22.28299903869629,1.982252597808838,0.0627550482749939,3.6403533348332496e-05,1.4359105624900748,91.2148950823375
67.47674089996144,22.281600952148438,2.0681333541870117,0.06275611370801926,-0.0002747346043328438,1.4359448201576306,90.84777241444931
67.54339160001837,22.28059196472168,2.1542742252349854,0.06006702408194542,-0.00012201814923628958,1.377007011087885,90.6308251158422
67.61008069990203,22.279767990112305,2.240460157394409,0.05272044986486435,-3.058264725382815e-05,1.2156917099922295,90.53219035403806
67.67674340005033,22.279008865356445,2.3266336917877197,0.040890540927648544,7.530263758060056e-05,0.9558438864865587,90.50930922031851
67.74343029991724,22.278228759765625,2.4127910137176514,0.022416723892092705,7.212050819379203e-05,0.5498029074293463,90.5362816373509
67.81009640009142,22.277347564697266,2.499054193496704,-0.001585312420502305,-0.0017700188857025089,0.021760981028133973,90.596066283156
67.87675589998253,22.276357650756836,2.5854363441467285,-0.002556190360337496,3.2475498445627644e-05,3.4150942593175764e-05,90.67804904376368
67.94345059990883,22.27522850036621,2.6718077659606934,-0.002557029714807868,3.25266836973385e-05,3.4150942593175764e-05,90.77422493746663
68.0101042999886,22.273942947387695,2.7581698894500732,-0.002557075582444668,3.2582979006311655e-05,3.4150942593175764e-05,90.8799835865751
68.0767244999297,22.272491455078125,2.84452486038208,-0.002557105850428343,3.264249863439869e-05,3.4150942593175764e-05,90.99180744366654
68.14343399996869,22.2708683013916,2.930873155593872,-0.002557167084887624,3.270420689121757e-05,3.4150942593175764e-05,91.10774990482751
68.21008049999364,22.26906394958496,3.017216205596924,-0.0025572129525244236,3.276731886676179e-05,3.4150942593175764e-05,91.2263083284406
68.27677259990014,22.267080307006836,3.1035540103912354,-0.0025572588201612234,3.283136556916023e-05,3.4150942593175764e-05,91.3466152804812
68.34342609997839,22.26491355895996,3.1898863315582275,-0.0025573046877980232,3.2896021309613516e-05,3.4150942593175764e-05,91.46807653449153
68.41010940005071,22.26256561279297,3.2762134075164795,-0.0025570678990334272,3.2961087417954025e-05,3.4150942593175764e-05,91.59032326025643
68.47671950003132,22.26003074645996,3.362534999847412,-0.002557167084887624,3.3026427104886016e-05,3.4150942593175764e-05,91.7130754200199
68.5434858999215,22.25731086730957,3.4488508701324463,-0.0025570907164365053,3.3091919865553715e-05,3.4150942593175764e-05,91.83612127791767
68.61010370007716,22.254405975341797,3.5351600646972656,-0.002557105850428343,3.315753964485317e-05,3.4150942593175764e-05,91.95941302262558
68.67683000001125,22.25141716003418,3.6215031147003174,-0.002557205269113183,3.3158578592123204e-05,3.4150942593175764e-05,91.9614347586199
68.74341930006631,22.248809814453125,3.7075350284576416,-0.002557251136749983,3.2994050381339464e-05,3.4150942593175764e-05,91.65298341570212
68.81014640000649,22.246572494506836,3.7937562465667725,-0.0025572970043867826,3.288154769936899e-05,3.4150942593175764e-05,91.44197838167293
68.87676330003887,22.24451446533203,3.8801095485687256,-0.0025573428720235825,3.283025497035434e-05,3.4150942593175764e-05,91.3457273558891
68.94346159999259,22.242517471313477,3.966503858566284,-0.0025571822188794613,3.2819315083583104e-05,3.4150942593175764e-05,91.32518897705488
69.01014919998124,22.240489959716797,4.052888870239258,-0.002557228086516261,3.28344889247463e-05,3.4150942593175764e-05,91.35367086589383
69.07679029996507,22.238386154174805,4.139265537261963,-0.0025572204031050205,3.286708385978844e-05,3.4150942593175764e-05,91.4148761910463
69.14359640004113,22.236209869384766,4.225637912750244,-0.0025572662707418203,3.287744727738477e-05,3.4150942593175764e-05,91.43438321131586
69.21010580006987,22.23438262939453,4.311656475067139,-0.00255731213837862,3.270955795819142e-05,3.4150942593175764e-05,91.11968224530753
69.2767531001009,22.233001708984375,4.397817134857178,-0.00255735800601542,3.257244623053964e-05,3.4150942593175764e-05,90.86257343438074
69.34343139990233,22.231857299804688,4.484161376953125,-0.0025574038736522198,3.2504165573749236e-05,3.4150942593175764e-05,90.73446640630799
69.41013349988498,22.230802536010742,4.570559978485107,-0.0025574499741196632,3.2482080616263155e-05,3.4150942593175764e-05,90.6929866674785
69.4767660999205,22.22974395751953,4.6569647789001465,-0.002557495841756463,3.249022609313569e-05,3.4150942593175764e-05,90.70825214027346
69.54341959999874,22.22861671447754,4.7433600425720215,-0.002557541709393263,3.2517994320170986e-05,3.4150942593175764e-05,90.76036648364065
69.61009859992191,22.227386474609375,4.829742908477783,-0.0025575875770300627,3.2558878035157394e-05,3.4150942593175764e-05,90.83711048915494
69.67674280004576,22.226022720336914,4.91611385345459,-0.0025576334446668625,3.260833387934353e-05,3.4150942593175764e-05,90.93002155243461
69.74341890006326,22.224504470825195,5.002474784851074,-0.0025576793123036623,3.266343716731095e-05,3.4150942593175764e-05,91.03353306930615
69.81010539992712,22.222822189331055,5.088827610015869,-0.002557725179940462,3.2722175142279466e-05,3.4150942593175764e-05,91.14391575648274
69.87676459993236,22.220966339111328,5.175173282623291,-0.002557771047577262,3.278336229701934e-05,3.4150942593175764e-05,91.25884051945737
69.94347729999572,22.218935012817383,5.261512279510498,-0.0025578171480447054,3.284615509754016e-05,3.4150942593175764e-05,91.37678422604515
70.01009069988504,22.216726303100586,5.347845554351807,-0.002557863015681505,3.2909993359107e-05,3.4150942593175764e-05,91.49670185730307
70.07682810002007,22.214332580566406,5.4341721534729,-0.002557908883318305,3.297450579648856e-05,3.4150942593175764e-05,91.61791722450327
70.14343039994128,22.211759567260742,5.520496845245361,-0.002557954750955105,3.303762754269676e-05,3.4150942593175764e-05,91.73650296887303
70.21011919993907,22.209253311157227,5.606774806976318,-0.0025580006185919046,3.29688485820433e-05,3.4150942593175764e-05,91.60751484639735
70.27686979994178,22.207338333129883,5.692387104034424,-0.002558046253398061,3.272388175158823e-05,3.4150942593175764e-05,91.14857394549668
70.34344909992069,22.20630645751953,5.777501106262207,-0.0025580914225429296,3.240793756108387e-05,3.4150942593175764e-05,90.55705907280606
70.41008810000494,22.205907821655273,5.863404273986816,-0.002558137523010373,3.2208736520717943e-05,3.4150942593175764e-05,90.18374825352986
70.47675950010307,22.205873489379883,5.949665546417236,-0.002558183390647173,3.210013233367606e-05,3.4150942593175764e-05,89.98000371058836
70.54342380003072,22.206018447875977,6.036045551300049,-0.0025582292582839727,3.2050741627249805e-05,3.4150942593175764e-05,89.88733170392963
70.61013919999823,22.206212997436523,6.122456073760986,-0.0025582751259207726,3.204105564235619e-05,3.4150942593175764e-05,89.86914291016988
70.67675210000016,22.206378936767578,6.208864688873291,-0.0025583209935575724,3.205733356854929e-05,3.4150942593175764e-05,89.89972166708404
70.74341419991106,22.20646095275879,6.295262813568115,-0.002558366861194372,3.20904691469984e-05,3.4150942593175764e-05,89.96190370928784
70.81010719994083,22.20642852783203,6.381650924682617,-0.002558412728831172,3.213486704413014e-05,3.4150942593175764e-05,90.04528665867535
70.87674629990943,22.206249237060547,6.468029499053955,-0.002558458596467972,3.2186632021903895e-05,3.4150942593175764e-05,90.1425075713213
70.94342750008218,22.205915451049805,6.55440092086792,-0.0025585046969354153,3.224318136814057e-05,3.4150942593175764e-05,90.24873750348253
71.01010970002972,22.205413818359375,6.6407670974731445,-0.002558550564572215,3.2302968061043094e-05,3.4150942593175764e-05,90.36101898324836
71.0767429000698,22.204740524291992,6.727128982543945,-0.002558596432209015,3.236479356582975e-05,3.4150942593175764e-05,90.47716635008443
71.14345719991252,22.203886032104492,6.813486576080322,-0.0025586422998458147,3.242801627556576e-05,3.4150942593175764e-05,90.59593650956178
71.2101749998983,22.202850341796875,6.899841785430908,-0.0025586881674826145,3.2492128115724084e-05,3.4150942593175764e-05,90.71639372576412
71.27675199997611,22.20166778564453,6.986217975616455,-0.0025587340351194143,3.253331797818191e-05,3.4150942593175764e-05,90.79375244830368
71.34352650004439,22.200729370117188,7.07236385345459,-0.002558779902756214,3.2397121436056396e-05,3.4150942593175764e-05,90.53838533561525
71.4101124999579,22.20048713684082,7.1578369140625,-0.0025588253047317266,3.212576729907541e-05,3.4150942593175764e-05,90.03008948777207
71.47687619994394,22.20085906982422,7.243792533874512,-0.0025588711723685265,3.193731398908908e-05,3.4150942593175764e-05,89.6768799152232
71.5434473999776,22.201574325561523,7.330067157745361,-0.0025589170400053263,3.183487183413151e-05,3.4150942593175764e-05,89.4847125429249
71.61010259995237,22.20245361328125,7.416448593139648,-0.002558962907642126,3.1790350175256005e-05,3.4150942593175764e-05,89.40115200861895
71.6767529998906,22.20337677001953,7.502854824066162,-0.002559008775278926,3.1783754977068523e-05,3.4150942593175764e-05,89.38875521527538
71.74346780008636,22.204261779785156,7.589258193969727,-0.0025590546429157257,3.180178510900231e-05,3.4150942593175764e-05,89.42263978374783
71.81020430009812,22.205060958862305,7.675652503967285,-0.002559100743383169,3.18362983510728e-05,3.4150942593175764e-05,89.48745144878207
71.87681380007416,22.205739974975586,7.7620368003845215,-0.002559146611019969,3.1881582121738855e-05,3.4150942593175764e-05,89.57250096432706
71.94344349997118,22.206274032592773,7.848412990570068,-0.002559192478656769,3.193384214648767e-05,3.4150942593175764e-05,89.67067810345684
72.01012560003437,22.206649780273438,7.934783935546875,-0.0025592383462935686,3.1990785576171595e-05,3.4150942593175764e-05,89.77763886585923
72.07680989988148,22.206857681274414,8.021150588989258,-0.0025592842139303684,3.2050787223681716e-05,3.4150942593175764e-05,89.8903711381103
72.14343659998849,22.206892013549805,8.107515335083008,-0.0025593300815671682,3.211276580220409e-05,3.4150942593175764e-05,90.00680537289149
72.21015239995904,22.20674705505371,8.193877220153809,-0.002559375949203968,3.21760927323559e-05,3.4150942593175764e-05,90.12575994747645
72.27676420006901,22.206422805786133,8.280237197875977,-0.002559421816840768,3.224025993961011e-05,3.4150942593175764e-05,90.2463264467055
72.34343239990994,22.205997467041016,8.366621971130371,-0.0025594676844775677,3.2250864366917984e-05,3.4150942593175764e-05,90.26629791983862
72.41019369987771,22.205957412719727,8.452581405639648,-0.002559513784945011,3.2066166248788534e-05,3.4150942593175764e-05,89.9200961213782
72.47674409998581,22.20667839050293,8.537945747375488,-0.00255955895408988,3.1780211482931255e-05,3.4150942593175764e-05,89.38455464893583
72.5434381000232,22.208017349243164,8.623891830444336,-0.00255960482172668,3.1591409685929586e-05,3.4150942593175764e-05,89.03070986879415
72.6101168000605,22.20970344543457,8.71015453338623,-0.0025596506893634796,3.148969707388263e-05,3.4150942593175764e-05,88.8398948739515
72.67675419989973,22.211557388305664,8.796520233154297,-0.002559696789830923,3.144488555197568e-05,3.4150942593175764e-05,88.75578792451196
72.74345330009237,22.21345329284668,8.88291072845459,-0.002559742657467723,3.1437691086397334e-05,3.4150942593175764e-05,88.74231196127953
72.81009049993008,22.215316772460938,8.969298362731934,-0.0025597885251045227,3.1455662594347224e-05,3.4150942593175764e-05,88.77605309577939
72.87674860004336,22.217092514038086,9.055678367614746,-0.0025598343927413225,3.149009767110587e-05,3.4150942593175764e-05,88.84070766646273
72.94344120007008,22.2187442779541,9.142048835754395,-0.0025598802603781223,3.1535339102228e-05,3.4150942593175764e-05,88.9256752197377
73.01015960006043,22.220252990722656,9.228413581848145,-0.002559926128014922,3.158759912697682e-05,3.4150942593175764e-05,89.02383186829995
73.07674679998308,22.221603393554688,9.314775466918945,-0.002559971995651722,3.1644519758444784e-05,3.4150942593175764e-05,89.13076530994566
73.1434220999945,22.222787857055664,9.401134490966797,-0.0025600178632885218,3.1704469295747005e-05,3.4150942593175764e-05,89.24340878973752
73.21009760000743,22.223798751831055,9.487493515014648,-0.0025600637309253216,3.176644461738138e-05,3.4150942593175764e-05,89.35985668489705
73.27679780009203,22.224628448486328,9.573864936828613,-0.002560109831392765,3.1829755263093226e-05,3.4150942593175764e-05,89.4787907689145
73.34348740009591,22.225276947021484,9.660223007202148,-0.002560155699029565,3.189393875478741e-05,3.4150942593175764e-05,89.59935726814356
73.41013239999302,22.225744247436523,9.746626853942871,-0.0025602015666663647,3.1958708486320475e-05,3.4150942593175764e-05,89.72107123915319
73.47679580003023,22.226024627685547,9.832985877990723,-0.0025602474343031645,3.202383321864487e-05,3.4150942593175764e-05,89.84340675737728
73.54348989995196,22.226253509521484,9.91935920715332,-0.0025602933019399643,3.200923910354457e-05,3.4150942593175764e-05,89.81603135918387
73.61028219992295,22.226938247680664,10.005209922790527,-0.002560339169576764,3.180250488124894e-05,3.4150942593175764e-05,89.4285888785149
73.67680180002935,22.22844696044922,10.090290069580078,-0.0025603845715522766,3.148256774606416e-05,3.4150942593175764e-05,88.82951981660226
73.74349080002867,22.23069953918457,10.175996780395508,-0.0025604302063584328,3.12537713644984e-05,3.4150942593175764e-05,88.40080933296807
73.81019930006005,22.233388900756836,10.262160301208496,-0.0025604760739952326,3.112677553095543e-05,3.4150942593175764e-05,88.16266112717722
73.87689499999397,22.236297607421875,10.34847354888916,-0.0025605219416320324,3.106521057720828e-05,3.4150942593175764e-05,88.04712164717729
73.94347549998201,22.23941421508789,10.434684753417969,-0.002560567809268832,3.0967057743738566e-05,3.4150942593175764e-05,87.86300023772127
74.01014939998277,22.24286651611328,10.52088451385498,-0.002560613676905632,3.0861316361243254e-05,3.4150942593175764e-05,87.66465154422409
74.076817400055,22.24649429321289,10.607192039489746,-0.002560659544542432,3.081446928434017e-05,3.4150942593175764e-05,87.57676066998437
74.14349110005423,22.25016975402832,10.693524360656738,-0.0025607054121792316,3.080593298090837e-05,3.4150942593175764e-05,87.56072338581318
74.21016120002605,22.253814697265625,10.779855728149414,-0.0025607512798160315,3.082329870769141e-05,3.4150942593175764e-05,87.59334436928916
74.2768065999262,22.25737190246582,10.866180419921875,-0.002560797380283475,3.085715080149916e-05,3.4150942593175764e-05,87.65691293989447
74.34348999988288,22.26081085205078,10.952499389648438,-0.0025608432479202747,3.090188090120627e-05,3.4150942593175764e-05,87.74093792706395
74.41012799995951,22.26410675048828,11.03881549835205,-0.0025608891155570745,3.095394876956344e-05,3.4150942593175764e-05,87.83876672654605
74.47679720004089,22.267242431640625,11.125131607055664,-0.0025609349831938744,3.101070981351972e-05,3.4150942593175764e-05,87.94537231911161
74.54348529991694,22.270212173461914,11.211447715759277,-0.002560980850830674,3.107058769928607e-05,3.4150942593175764e-05,88.05783138379587
74.61017200001515,22.27301025390625,11.297770500183105,-0.002561026718467474,3.1132491369384586e-05,3.4150942593175764e-05,88.17412218460451
74.67681219987571,22.27562713623047,11.384092330932617,-0.002561072586104274,3.11957629324405e-05,3.4150942593175764e-05,88.29296064597357
74.74349069991149,22.27806282043457,11.470419883728027,-0.0025611184537410736,3.12598845432628e-05,3.4150942593175764e-05,88.41344518293258
74.81017539999448,22.280317306518555,11.55675220489502,-0.002561164554208517,3.132461193525195e-05,3.4150942593175764e-05,88.53506353129383
74.87680219998583,22.282384872436523,11.643086433410645,-0.002561210421845317,3.1389710612472397e-05,3.4150942593175764e-05,88.65735123819374
74.94353069993667,22.284269332885742,11.729426383972168,-0.0025612562894821167,3.145506332695636e-05,3.4150942593175764e-05,88.78011705833555
75.01023110002279,22.28597068786621,11.815824508666992,-0.0025613021571189165,3.1520637509823905e-05,3.4150942593175764e-05,88.90328585963839
75.07688839989714,22.287485122680664,11.902170181274414,-0.0025613480247557163,3.158626705978735e-05,3.4150942593175764e-05,89.02657077415712
75.14353269990534,22.28881072998047,11.988517761230469,-0.002561393892392516,3.1651968261286646e-05,3.4150942593175764e-05,89.15003327359426
75.21019869996235,22.28995132446289,12.074869155883789,-0.002561439760029316,3.1717721572993855e-05,3.4150942593175764e-05,89.27355041454479
75.27685180003755,22.290904998779297,12.161221504211426,-0.0025614856276661158,3.1783504196693006e-05,3.4150942593175764e-05,89.39711536681948
75.34353869990446,22.29167366027832,12.247576713562012,-0.0025615314953029156,3.184929333416814e-05,3.4150942593175764e-05,89.5207417907967
75.41021019988693,22.292293548583984,12.333958625793457,-0.002561577595770359,3.188910553300458e-05,3.4150942593175764e-05,89.59555968296503
75.47702179988846,22.293180465698242,12.42006778717041,-0.002561623463407159,3.1742353416891105e-05,3.4150942593175764e-05,89.32041917262941
75.54353719996288,22.294706344604492,12.505776405334473,-0.002561669098213315,3.1510622579242915e-05,3.4150942593175764e-05,88.88623087728087
75.61020049988292,22.29667091369629,12.59194564819336,-0.002561714965850115,3.137925600201224e-05,3.4150942593175764e-05,88.63985229354017
75.67685730010271,22.298866271972656,12.678277015686035,-0.0025617608334869146,3.1315525217749196e-05,3.4150942593175764e-05,88.52025568117324
75.74353080010042,22.301143646240234,12.764653205871582,-0.0025618067011237144,3.12958177884986e-05,3.4150942593175764e-05,88.48327020681762
75.81019850005396,22.303415298461914,12.851033210754395,-0.0025618525687605143,3.1305601480032026e-05,3.4150942593175764e-05,88.50165024587413
75.87688110000454,22.305614471435547,12.937406539916992,-0.002561898436397314,3.133464640716091e-05,3.4150942593175764e-05,88.55619613658585
75.94356220006011,22.30770492553711,13.023771286010742,-0.002561944304034114,3.1376370399249716e-05,3.4150942593175764e-05,88.63456572712258
76.01020799996331,22.309659957885742,13.110130310058594,-0.0025619901716709137,3.142629849219496e-05,3.4150942593175764e-05,88.72831690367018
76.07684880006127,22.311458587646484,13.19648551940918,-0.002562036272138357,3.148168838630583e-05,3.4150942593175764e-05,88.83236800548615
76.14354340010323,22.313095092773438,13.282837867736816,-0.002562082139775157,3.1540628288329965e-05,3.4150942593175764e-05,88.94310586249956
76.21021139994264,22.314559936523438,13.369190216064453,-0.002562128007411957,3.160194571858959e-05,3.4150942593175764e-05,89.05828334247349
76.27688700007275,22.315847396850586,13.455544471740723,-0.0025621738750487566,3.1664813427534274e-05,3.4150942593175764e-05,89.17638414341218
76.34359629987739,22.316951751708984,13.541918754577637,-0.0025622197426855564,3.172872334063697e-05,3.4150942593175764e-05,89.29647252939934
76.41020969999954,22.317874908447266,13.628273963928223,-0.0025622656103223562,3.179327811756245e-05,3.4150942593175764e-05,89.41778351924793
76.47689449996687,22.318675994873047,13.7146577835083,-0.002562311477959156,3.181715436344513e-05,3.4150942593175764e-05,89.46264420171659
76.54355819988996,22.319807052612305,13.800690650939941,-0.002562357345595956,3.1650528716793386e-05,3.4150942593175764e-05,89.15029282078272
76.61021029995754,22.321563720703125,13.886457443237305,-0.0025624032132327557,3.142932088425322e-05,3.4150942593175764e-05,88.73576864005466
76.67686280002818,22.323741912841797,13.972647666931152,-0.002562449313700199,3.1306050930575175e-05,3.4150942593175764e-05,88.50460088759557
76.74356899992563,22.326128005981445,14.058982849121094,-0.002562495181336999,3.12478177732457e-05,3.4150942593175764e-05,88.39532469106454
76.81024500005879,22.328588485717773,14.145356178283691,-0.0025625410489737988,3.123176457232417e-05,3.4150942593175764e-05,88.36520355682478
76.87688110000454,22.331031799316406,14.231731414794922,-0.0025625869166105986,3.1243860654333214e-05,3.4150942593175764e-05,88.38794125657176
76.94362709997222,22.33340072631836,14.318099021911621,-0.0025626327842473984,3.12744819152511e-05,3.4150942593175764e-05,88.44546510976161
77.01028200006112,22.33565330505371,14.404458999633789,-0.002562678651884198,3.131706898265827e-05,3.4150942593175764e-05,88.52545345513163
77.07690820004791,22.337770462036133,14.490812301635742,-0.002562724519520998,3.1367654966978256e-05,3.4150942593175764e-05,88.62047504686484
77.14354559988715,22.339733123779297,14.577163696289062,-0.002562770387157798,3.142341940320842e-05,3.4150942593175764e-05,88.72521599778699
77.21022789995186,22.341529846191406,14.663514137268066,-0.0025628164876252413,3.148266219581598e-05,3.4150942593175764e-05,88.8364797793665
77.27688900008798,22.343151092529297,14.74986457824707,-0.002562862355262041,3.154416852557925e-05,3.4150942593175764e-05,88.9520260895556
77.34359570010565,22.34459686279297,14.83623218536377,-0.002562908222898841,3.160717953759566e-05,3.4150942593175764e-05,89.07039326787192
77.4102837999817,22.345861434936523,14.922585487365723,-0.0025629540905356407,3.1671144817794254e-05,3.4150942593175764e-05,89.19054312556162
77.47688709991053,22.346942901611328,15.008941650390625,-0.0025629999581724405,3.1735751704927634e-05,3.4150942593175764e-05,89.31194290786942
77.54361049993895,22.347843170166016,15.095295906066895,-0.0025630458258092403,3.1800778730612214e-05,3.4150942593175764e-05,89.43414182231012
77.61026019998826,22.34855842590332,15.181655883789062,-0.00256309169344604,3.1866082591776276e-05,3.4150942593175764e-05,89.5568461707494
77.67689400003292,22.349191665649414,15.268036842346191,-0.00256313756108284,3.1866916355102695e-05,3.4150942593175764e-05,89.55843760482601
77.74362020008266,22.350221633911133,15.353968620300293,-0.0025631836615502834,3.167766510755788e-05,3.4150942593175764e-05,89.20372539065974
77.81026889989153,22.35179328918457,15.439994812011719,-0.0025632295291870832,3.150744385656094e-05,3.4150942593175764e-05,88.88461212244758
77.87694109999575,22.353675842285156,15.526281356811523,-0.002563275396823883,3.141714338004433e-05,3.4150942593175764e-05,88.71523026122043
77.94359580008313,22.355697631835938,15.612651824951172,-0.002563321264460683,3.1380597839865694e-05,3.4150942593175764e-05,88.64663467138598
78.01026890007779,22.357746124267578,15.6990385055542,-0.0025633671320974827,3.137886191856499e-05,3.4150942593175764e-05,88.64336984096273
78.07689150003716,22.35974884033203,15.785422325134277,-0.0025634129997342825,3.140036714998817e-05,3.4150942593175764e-05,88.68374308914667
78.14360799989663,22.361658096313477,15.871796607971191,-0.0025634588673710823,3.143693874527076e-05,3.4150942593175764e-05,88.75243430162949
78.21027030004188,22.363439559936523,15.958162307739258,-0.002563504735007882,3.1483603436446194e-05,3.4150942593175764e-05,88.84005879849158
78.2769144999329,22.365076065063477,16.044523239135742,-0.002563550602644682,3.1536856812033125e-05,3.4150942593175764e-05,88.94009374907559
78.34358519990928,22.366552352905273,16.130882263183594,-0.0025635967031121254,3.159444184865183e-05,3.4150942593175764e-05,89.04827028515025
78.41025179997087,22.36785888671875,16.217239379882812,-0.002563642570748925,3.165487340537714e-05,3.4150942593175764e-05,89.16177436877751
78.47691179998219,22.36899185180664,16.30359649658203,-0.002563688438385725,3.171713207626698e-05,3.4150942593175764e-05,89.27874818850316
78.54365059989505,22.369943618774414,16.38995361328125,-0.002563734306022525,3.1780612080154495e-05,3.4150942593175764e-05,89.39801012160075
78.61026129988022,22.37071418762207,16.4763126373291,-0.0025637801736593246,3.1844912819816454e-05,3.4150942593175764e-05,89.51878835669409
78.67690690001473,22.37130355834961,16.56266975402832,-0.0025638260412961245,3.190973466155743e-05,3.4150942593175764e-05,89.64058428997376
78.74357490008697,22.371706008911133,16.64902687072754,-0.0025638719089329243,3.1974901733425745e-05,3.4150942593175764e-05,89.7630222610354
78.81035819998942,22.371965408325195,16.735410690307617,-0.002563917776569724,3.201091965774939e-05,3.4150942593175764e-05,89.83068211495356
78.87689780001529,22.37249755859375,16.821521759033203,-0.0025639638770371675,3.1863903733708416e-05,3.4150942593175764e-05,89.55503617061935
78.94360090000555,22.37359619140625,16.907432556152344,-0.0025640097446739674,3.166742545170531e-05,3.4150942593175764e-05,89.18680018189644
79.01034509995952,22.37506103515625,16.99368667602539,-0.002564055612310767,3.1560622323724016e-05,3.4150942593175764e-05,88.98647073353997
79.07694369996898,22.37670135498047,17.080102920532227,-0.002564101479947567,3.1512397583199543e-05,3.4150942593175764e-05,88.89598438741565
79.14363080007024,22.37839126586914,17.16649627685547,-0.002564147347584367,3.1503499765200435e-05,3.4150942593175764e-05,88.87931189565164
79.21029599988833,22.380048751831055,17.25288963317871,-0.0025641932152211666,3.1520295536584554e-05,3.4150942593175764e-05,88.91086053942793
79.27694689994678,22.381622314453125,17.33927345275879,-0.0025642390828579664,3.155376657449703e-05,3.4150942593175764e-05,88.97367778922454
79.3436302000191,22.38307762145996,17.425649642944336,-0.0025642849504947662,3.159838919690034e-05,3.4150942593175764e-05,89.0574842103406
79.41030059987679,22.384389877319336,17.51201820373535,-0.0025643310509622097,3.165030399152181e-05,3.4150942593175764e-05,89.15501931168838
79.47695240005851,22.385543823242188,17.5983829498291,-0.0025643769185990095,3.1706957558174284e-05,3.4150942593175764e-05,89.26142682876801
79.54364309995435,22.38652992248535,17.684743881225586,-0.0025644227862358093,3.17667507648528e-05,3.4150942593175764e-05,89.37376978023639
79.61027420009486,22.387340545654297,17.77110481262207,-0.002564468653872609,3.1828641407399335e-05,3.4150942593175764e-05,89.49006058104501
79.6769330999814,22.388078689575195,17.85748291015625,-0.002564514521509409,3.182719534913008e-05,3.4150942593175764e-05,89.48739680726871
79.74362570000812,22.389225006103516,17.943397521972656,-0.0025645603891462088,3.16337101471933e-05,3.4150942593175764e-05,89.12474108309772
79.81031049997546,22.391056060791016,18.029054641723633,-0.002564606023952365,3.13949248901505e-05,3.4150942593175764e-05,88.67732954151603
79.8769392000977,22.393346786499023,18.115203857421875,-0.0025646518915891647,3.12599399103587e-05,3.4150942593175764e-05,88.42419590068619
79.94362740009092,22.3958740234375,18.201520919799805,-0.0025646977592259645,3.1193079256733586e-05,3.4150942593175764e-05,88.29869800487637
80.01033649989404,22.39849090576172,18.287931442260742,-0.0025647436268627644,3.117240778863683e-05,3.4150942593175764e-05,88.25988887001236
80.0769901999738,22.401100158691406,18.37430191040039,-0.002564789494499564,3.118115253290022e-05,3.4150942593175764e-05,88.27630864477707
80.14365249988623,22.403642654418945,18.46066665649414,-0.0025648355949670076,3.1209318100270766e-05,3.4150942593175764e-05,88.32919479952048
80.21031800005585,22.406076431274414,18.54702377319336,-0.0025648814626038074,3.1250465623184676e-05,3.4150942593175764e-05,88.40648522016835
80.27697629993781,22.40837287902832,18.63337516784668,-0.0025649273302406073,3.1300100596210475e-05,3.4150942593175764e-05,88.49971730233902
80.34365310007706,22.4105167388916,18.719722747802734,-0.002564973197877407,3.135529182015372e-05,3.4150942593175764e-05,88.60342006450732
80.4104869000148,22.412500381469727,18.806190490722656,-0.002565019065514207,3.1414208923961906e-05,3.4150942593175764e-05,88.71410328000738
80.47706689988263,22.414306640625,18.892536163330078,-0.0025650649331510067,3.147545144579767e-05,3.4150942593175764e-05,88.82917147695458
80.54379289993085,22.415937423706055,18.978883743286133,-0.0025651108007878065,3.1538260530758454e-05,3.4150942593175764e-05,88.94716299486655
80.6104460998904,22.417388916015625,19.06523323059082,-0.0025651566684246063,3.160212810431724e-05,3.4150942593175764e-05,89.06712843744866
80.67707889992744,22.418659210205078,19.15158462524414,-0.00256520276889205,3.166666659680275e-05,3.4150942593175764e-05,89.1883847857839
80.74381710006855,22.41974639892578,19.23793601989746,-0.0025652486365288496,3.173164151227944e-05,3.4150942593175764e-05,89.31044709644118
80.81052500009537,22.42064666748047,19.324321746826172,-0.0025652945041656494,3.1796938859667505e-05,3.4150942593175764e-05,89.43313778450214
80.87711780006066,22.421361923217773,19.41071128845215,-0.0025653403718024492,3.186243813411119e-05,3.4150942593175764e-05,89.5561836423999
80.94390519987792,22.42194366455078,19.49709701538086,-0.002565386239439249,3.189437843466657e-05,3.4150942593175764e-05,89.61618685425847
81.01048619998619,22.42281723022461,19.58317756652832,-0.002565432107076049,3.173891740005763e-05,3.4150942593175764e-05,89.32473585218486
81.07712809997611,22.424118041992188,19.669368743896484,-0.0025654779747128487,3.1611110601404194e-05,3.4150942593175764e-05,89.08508500477662
81.14381369994953,22.425636291503906,19.755720138549805,-0.0025655238423496485,3.155061065003102e-05,3.4150942593175764e-05,88.97151944944682
81.21049849991687,22.427230834960938,19.842113494873047,-0.0025655697099864483,3.1533052766856346e-05,3.4150942593175764e-05,88.9385911074582
81.27712469990365,22.42881202697754,19.928508758544922,-0.0025656158104538918,3.154385912121983e-05,3.4150942593175764e-05,88.95889042967147
81.34380439994857,22.430322647094727,20.014896392822266,-0.0025656616780906916,3.1573627077483334e-05,3.4150942593175764e-05,89.01476137708217
81.4104828001,22.431720733642578,20.101276397705078,-0.0025657075457274914,3.1615657217043565e-05,3.4150942593175764e-05,89.09371153369834
81.47711999993771,22.4329833984375,20.187646865844727,-0.002565753413364291,3.166586214546828e-05,3.4150942593175764e-05,89.18805010651457
81.5437950999476,22.43408966064453,20.27401351928711,-0.002565799281001091,3.172139208576289e-05,3.4150942593175764e-05,89.292360755519
81.61046839994378,22.43503189086914,20.360376358032227,-0.002565845148637891,3.178046226330677e-05,3.4150942593175764e-05,89.40334449934252
81.67720320005901,22.435802459716797,20.446739196777344,-0.0025658910162746906,3.184186437265424e-05,3.4150942593175764e-05,89.51867907366737
81.74393230001442,22.43639373779297,20.533100128173828,-0.0025659368839114904,3.1904793962470806e-05,3.4150942593175764e-05,89.63686866706527
81.81047579995357,22.436805725097656,20.619462966918945,-0.002565982984378934,3.1968720160013474e-05,3.4150942593175764e-05,89.75695022286327
81.87714309990406,22.437036514282227,20.705821990966797,-0.0025660288520157337,3.2033300992042905e-05,3.4150942593175764e-05,89.87828853346853
81.94387160008773,22.437082290649414,20.79218292236328,-0.0025660747196525335,3.2098305219511534e-05,3.4150942593175764e-05,90.00041914601753
82.01044839993119,22.436952590942383,20.878549575805664,-0.0025661205872893333,3.215730374551956e-05,3.4150942593175764e-05,90.11126628605767
82.07718109991401,22.43692970275879,20.964828491210938,-0.002566166454926133,3.206973579802975e-05,3.4150942593175764e-05,89.94704121765389
82.1438587999437,22.437362670898438,21.050914764404297,-0.002566212322562933,3.191045117691607e-05,3.4150942593175764e-05,89.64840485657342
82.21050349995494,22.43807601928711,21.137237548828125,-0.0025662581901997328,3.182846553544767e-05,3.4150942593175764e-05,89.49458899646473
82.27714410005137,22.43891143798828,21.2236328125,-0.0025663040578365326,3.179725477780291e-05,3.4150942593175764e-05,89.43602695452105
82.3438349000644,22.439760208129883,21.310039520263672,-0.002566350158303976,3.1799492259854656e-05,3.4150942593175764e-05,89.44020703029308
82.4104806999676,22.440555572509766,21.39643669128418,-0.002566396025940776,3.1823596487896914e-05,3.4150942593175764e-05,89.48549801467945
82.47713769995607,22.441253662109375,21.482826232910156,-0.0025664418935775757,3.186188772004024e-05,3.4150942593175764e-05,89.55741307645052
82.54384099994786,22.44182014465332,21.5692081451416,-0.0025664877612143755,3.190967278068554e-05,3.4150942593175764e-05,89.64714810176613
82.61047960002907,22.44223976135254,21.655582427978516,-0.0025665336288511753,3.1963655699183086e-05,3.4150942593175764e-05,89.74859690150834
82.67714209994301,22.44249725341797,21.741952896118164,-0.002566579496487975,3.2021670645016975e-05,3.4150942593175764e-05,89.85759989047257
82.74388449988328,22.442584991455078,21.828319549560547,-0.002566625364124775,3.2082398578549725e-05,3.4150942593175764e-05,89.97167770999013
82.81062310002744,22.44249725341797,21.914682388305664,-0.0025666712317615747,3.2144875460935146e-05,3.4150942593175764e-05,90.08904768068763
82.87721549998969,22.442228317260742,22.00104522705078,-0.0025667170993983746,3.220848574034242e-05,3.4150942593175764e-05,90.208541840217
82.94384970003739,22.441802978515625,22.08742332458496,-0.002566763199865818,3.225441763171924e-05,3.4150942593175764e-05,90.2948207898126
83.01052349992096,22.44160270690918,22.17359161376953,-0.002566809067502618,3.212378711117517e-05,3.4150942593175764e-05,90.04989703636511
83.07714660000056,22.441913604736328,22.25961685180664,-0.0025668549351394176,3.194998328338504e-05,3.4150942593175764e-05,89.72409018276633
83.14382450003177,22.44253921508789,22.345914840698242,-0.0025669008027762175,3.1857315049296916e-05,3.4150942593175764e-05,89.55025503820033
83.21048750006594,22.44330596923828,22.43230628967285,-0.0025669466704130173,3.181920620288125e-05,3.4150942593175764e-05,89.47874978777948
83.27722480008379,22.444101333618164,22.518712997436523,-0.002566992538049817,3.1816835188421746e-05,3.4150942593175764e-05,89.47429650444062
83.34389579994604,22.444852828979492,22.60511589050293,-0.002567038405686617,3.1838223171877146e-05,3.4150942593175764e-05,89.5144580167603
83.41059780004434,22.445512771606445,22.69161605834961,-0.0025670842733234167,3.187459935388011e-05,3.4150942593175764e-05,89.58275307827127
83.47724739997648,22.446044921875,22.777999877929688,-0.00256713037379086,3.19210784024399e-05,3.4150942593175764e-05,89.67002923548569
83.54396390006877,22.446430206298828,22.8643741607666,-0.00256717624142766,3.197428618159491e-05,3.4150942593175764e-05,89.76998222379964
83.61063429992646,22.446657180786133,22.95074462890625,-0.00256722210906446,3.203179956667775e-05,3.4150942593175764e-05,89.8780221560909
83.67730570002459,22.446712493896484,23.03712272644043,-0.0025672679767012596,3.2092143187427224e-05,3.4150942593175764e-05,89.99138280574562
83.74395849998109,22.446596145629883,23.123485565185547,-0.0025673138443380594,3.215437254632512e-05,3.4150942593175764e-05,90.10830881414707
83.81070809997618,22.446298599243164,23.209848403930664,-0.0025673597119748592,3.221784603643665e-05,3.4150942593175764e-05,90.22752976610963
83.87740499991924,22.445817947387695,23.29634666442871,-0.002567405579611659,3.228221842763447e-05,3.4150942593175764e-05,90.34845143517555
83.94402910000645,22.445165634155273,23.38271713256836,-0.002567451447248459,3.233895993026278e-05,3.4150942593175764e-05,90.45505702774109
84.01081130001694,22.44465446472168,23.46896743774414,-0.0025674975477159023,3.223855007341336e-05,3.4150942593175764e-05,90.266714561378
84.07735070004128,22.444719314575195,23.554800033569336,-0.002567543415352702,3.202486890902691e-05,3.4150942593175764e-05,89.866294721286
84.14400359988213,22.445199966430664,23.641010284423828,-0.002567589282989502,3.189969367587248e-05,3.4150942593175764e-05,89.63156161008017
84.21068180003203,22.445892333984375,23.727373123168945,-0.0025676351506263018,3.1838604227772426e-05,3.4150942593175764e-05,89.5169646961857
84.2773333999794,22.44666290283203,23.81377601623535,-0.0025676810182631016,3.182171726352448e-05,3.4150942593175764e-05,89.48525212786933
84.34408150007948,22.447416305541992,23.900182723999023,-0.0025677268858999014,3.183296655465513e-05,3.4150942593175764e-05,89.50633692183715
84.41073339991271,22.44809913635254,23.986581802368164,-0.002567772753536701,3.186297552063017e-05,3.4150942593175764e-05,89.56270647305728
84.47734500002116,22.448673248291016,24.07297134399414,-0.002567818621173501,3.19051652477021e-05,3.4150942593175764e-05,89.64195715799693
84.54403039999306,22.449106216430664,24.15934944152832,-0.002567864488810301,3.195550045164656e-05,3.4150942593175764e-05,89.73650063648824
84.61068989988416,22.449386596679688,24.2457218170166,-0.0025679105892777443,3.2011160667460926e-05,3.4150942593175764e-05,89.84105034211363
84.67734729987569,22.449501037597656,24.33209228515625,-0.002567956456914544,3.2070335065420616e-05,3.4150942593175764e-05,89.95221167085559
84.74405439989641,22.44944190979004,24.41845703125,-0.002568002324551344,3.213178928497598e-05,3.4150942593175764e-05,90.06764869801798
84.81071899994276,22.449209213256836,24.504817962646484,-0.0025680481921881437,3.21947416730085e-05,3.4150942593175764e-05,90.1858997631184
84.87733489996754,22.448793411254883,24.59117889404297,-0.0025680940598249435,3.225867112743917e-05,3.4150942593175764e-05,90.3060018094839
84.9440595000051,22.44819450378418,24.677536010742188,-0.0025681399274617434,3.232325521635659e-05,3.4150942593175764e-05,90.42734695027835
85.01070540002547,22.447412490844727,24.763893127441406,-0.002568185795098543,3.238826270071321e-05,3.4150942593175764e-05,90.54949122320569
85.07734000007622,22.446475982666016,24.850271224975586,-0.002568231662735343,3.2430042059897916e-05,3.4150942593175764e-05,90.62798375714748
85.14408089988865,22.44579315185547,24.936412811279297,-0.0025682777632027864,3.229109019052964e-05,3.4150942593175764e-05,90.36745302144652
85.2106890999712,22.445756912231445,25.022123336791992,-0.002568323165178299,3.2057444302741084e-05,3.4150942593175764e-05,89.92968570697289
85.27734840009362,22.446163177490234,25.108301162719727,-0.0025683692656457424,3.192205546883804e-05,3.4150942593175764e-05,89.67581440571267
85.34401259990409,22.446802139282227,25.19465446472168,-0.0025684151332825422,3.185582990837173e-05,3.4150942593175764e-05,89.55156643452098
85.4108001999557,22.447528839111328,25.281057357788086,-0.002568461000919342,3.183499559587527e-05,3.4150942593175764e-05,89.51244994114431
85.47736699995585,22.448251724243164,25.36746597290039,-0.002568506868556142,3.1843636119722875e-05,3.4150942593175764e-05,89.52865798004476
85.54405839997344,22.448904037475586,25.45386505126953,-0.0025685527361929417,3.187219902742867e-05,3.4150942593175764e-05,89.58230228578604
85.61071310006082,22.449447631835938,25.540252685546875,-0.0025685986038297415,3.191343122943041e-05,3.4150942593175764e-05,89.65971564983896
85.67736910004169,22.44985580444336,25.626632690429688,-0.0025686444714665413,3.196302711980028e-05,3.4150942593175764e-05,89.75289309049629
85.74403079994954,22.450111389160156,25.7130069732666,-0.002568690339103341,3.2018215086855537e-05,3.4150942593175764e-05,89.8565685319079
85.81067329994403,22.45020294189453,25.79937744140625,-0.002568736206740141,3.207706705290384e-05,3.4150942593175764e-05,89.96709465305705
85.8773385998793,22.450124740600586,25.885744094848633,-0.0025687823072075844,3.2138322602291577e-05,3.4150942593175764e-05,90.08220383113927
85.94404050009325,22.449865341186523,25.97210693359375,-0.002568828174844384,3.2201147971692346e-05,3.4150942593175764e-05,90.20022266980793
86.01068220008165,22.44942855834961,26.0584659576416,-0.002568874042481184,3.226498623325918e-05,3.4150942593175764e-05,90.32018128220085
86.07732410007156,22.448808670043945,26.14482307434082,-0.002568919910117984,3.2329527982632686e-05,3.4150942593175764e-05,90.44140347959025
86.14406489999965,22.44800567626953,26.23118019104004,-0.0025689657777547836,3.239450941188536e-05,3.4150942593175764e-05,90.56346579024755
86.2106983999256,22.4470157623291,26.317533493041992,-0.0025690116453915834,3.245979373172145e-05,3.4150942593175764e-05,90.68608817641679
86.2773333999794,22.44584083557129,26.40388298034668,-0.0025690575130283833,3.252525392350921e-05,3.4150942593175764e-05,90.80907256261202
86.34410310001113,22.444482803344727,26.490230560302734,-0.002569103380665183,3.259084764770472e-05,3.4150942593175764e-05,90.93230283561739
86.41068329988047,22.442935943603516,26.576576232910156,-0.0025691494811326265,3.265653582165204e-05,3.4150942593175764e-05,91.05570386335202
86.47733270004392,22.441268920898438,26.66295051574707,-0.0025691953487694263,3.268024922313504e-05,3.4150942593175764e-05,91.10026401749718
86.54418270010501,22.43994140625,26.74897003173828,-0.002569241216406226,3.2511741095222856e-05,3.4150942593175764e-05,90.78439508914076
86.61068430007435,22.439342498779297,26.834463119506836,-0.002569286385551095,3.22433735245322e-05,3.4150942593175764e-05,90.28169316622784
86.67736739991233,22.439300537109375,26.920490264892578,-0.002569332253187895,3.207054350625222e-05,3.4150942593175764e-05,89.95772363351578
86.74402930005454,22.4395694732666,27.00679588317871,-0.0025693783536553383,3.1979620964128784e-05,3.4150942593175764e-05,89.78716014956223
86.81068639992736,22.439977645874023,27.09318733215332,-0.002569424221292138,3.194252826676718e-05,3.4150942593175764e-05,89.71755369173063
86.87734570004977,22.440412521362305,27.17959976196289,-0.002569470088928938,3.194042757401117e-05,3.4150942593175764e-05,89.71361267257953
86.94401960005052,22.44080352783203,27.266002655029297,-0.0025695159565657377,3.196200120008223e-05,3.4150942593175764e-05,89.75412252454687
87.01068890001625,22.441097259521484,27.35239601135254,-0.0025695618242025375,3.1998621648684726e-05,3.4150942593175764e-05,89.82288886911057
87.07734509999864,22.441268920898438,27.43878173828125,-0.0025696076918393373,3.204516909189238e-05,3.4150942593175764e-05,89.91032895086506
87.14413379994221,22.441293716430664,27.525157928466797,-0.002569653559476137,3.209843549503128e-05,3.4150942593175764e-05,90.01040488258411
87.21074600005522,22.44115447998047,27.611528396606445,-0.002569699427112937,3.215597493521808e-05,3.4150942593175764e-05,90.11849945638872
87.27743260003626,22.440847396850586,27.697895050048828,-0.0025697455275803804,3.2216325069743534e-05,3.4150942593175764e-05,90.23189425698928
87.34406020003371,22.44036293029785,27.784257888793945,-0.0025697913952171803,3.227857722685739e-05,3.4150942593175764e-05,90.34884758614739
87.41071419999935,22.439701080322266,27.870616912841797,-0.00256983726285398,3.2342057230744906e-05,3.4150942593175764e-05,90.46810951924498
87.4773476999253,22.438859939575195,27.956974029541016,-0.00256988313049078,3.240634494285489e-05,3.4150942593175764e-05,90.58888775433833
87.54402259993367,22.437833786010742,28.04332733154297,-0.0025699289981275797,3.247116678459587e-05,3.4150942593175764e-05,90.71069051780717
87.61071650008671,22.43662452697754,28.129676818847656,-0.0025699748657643795,3.253634037024017e-05,3.4150942593175764e-05,90.83312165867966
87.67735389992595,22.435232162475586,28.21602439880371,-0.0025700207334011793,3.2601735424268055e-05,3.4150942593175764e-05,90.95598310146983
87.74400789989159,22.433650970458984,28.3023681640625,-0.002570066601037979,3.266728029514365e-05,3.4150942593175764e-05,91.07911775182683
87.81071739993058,22.431886672973633,28.388708114624023,-0.0025701127015054226,3.273292938643506e-05,3.4150942593175764e-05,91.20244364748058
87.87741949991323,22.429935455322266,28.47504425048828,-0.0025701585691422224,3.279864035859834e-05,3.4150942593175764e-05,91.32589931672855
87.94404860003851,22.42780303955078,28.561378479003906,-0.002570204436779022,3.286256004236503e-05,3.4150942593175764e-05,91.44598087252656
88.01069959998131,22.425729751586914,28.647682189941406,-0.002570250304415822,3.279427938557462e-05,3.4150942593175764e-05,91.3178943350213
88.07735270005651,22.42424774169922,28.733304977416992,-0.002570295939221978,3.2549651271470906e-05,3.4150942593175764e-05,90.85960913228095
88.14405000000261,22.423707962036133,28.818023681640625,-0.002570341108366847,3.218987913923373e-05,3.4150942593175764e-05,90.1862685933336
88.21070929989219,22.424312591552734,28.901933670043945,-0.0025703858118504286,3.175716574348699e-05,3.4150942593175764e-05,89.37687068611956
88.2773730000481,22.42603874206543,28.986469268798828,-0.0025704309809952974,3.138337922221241e-05,3.4150942593175764e-05,88.67732954151603
88.34411370009184,22.42851448059082,29.072189331054688,-0.00257047638297081,3.1157559636273006e-05,3.4150942593175764e-05,88.25417883186623
88.41072820010595,22.43142318725586,29.158348083496094,-0.0025705224834382534,3.1031228207880776e-05,3.4150942593175764e-05,88.01727372050433
88.47735970001668,22.434547424316406,29.244657516479492,-0.002570568351075053,3.0970102934012784e-05,3.4150942593175764e-05,87.90258118396149
88.54408390005119,22.437753677368164,29.331005096435547,-0.002570614218711853,3.095272092278978e-05,3.4150942593175764e-05,87.86992604953964
88.61073020007461,22.44094467163086,29.417354583740234,-0.002570660086348653,3.096394415881647e-05,3.4150942593175764e-05,87.89101084350749
88.67735080001876,22.44406509399414,29.503700256347656,-0.0025707059539854527,3.099373817018393e-05,3.4150942593175764e-05,87.94695692299905
88.74405990005471,22.44706916809082,29.590038299560547,-0.0025707518216222525,3.1035953952359804e-05,3.4150942593175764e-05,88.0262349286954
88.81074570002966,22.44993782043457,29.67637062072754,-0.0025707976892590523,3.1086289156304275e-05,3.4150942593175764e-05,88.12078523737587
88.87737750005908,22.452653884887695,29.762704849243164,-0.002570843556895852,3.1141894005022734e-05,3.4150942593175764e-05,88.22524615054205
88.9440758000128,22.455204010009766,29.849037170410156,-0.002570889424532652,3.120105537543045e-05,3.4150942593175764e-05,88.33639381890568
89.01074689999223,22.457582473754883,29.93536949157715,-0.0025709355250000954,3.126249331054585e-05,3.4150942593175764e-05,88.45181035550054
89.07737579988316,22.459781646728516,30.021705627441406,-0.002570981392636895,3.1325422900362416e-05,3.4150942593175764e-05,88.56999994889846
89.14409630000591,22.461801528930664,30.108043670654297,-0.002571027260273695,3.1389358868569065e-05,3.4150942593175764e-05,88.69012248583145
89.21070579998195,22.463640213012695,30.19438362121582,-0.002571073127910495,3.1453942957486486e-05,3.4150942593175764e-05,88.81145396624757
89.2773659999948,22.46529197692871,30.28072738647461,-0.0025711189955472946,3.1518953698731104e-05,3.4150942593175764e-05,88.93359140898573
89.34406269993633,22.466760635375977,30.367074966430664,-0.0025711648631840944,3.158424453234319e-05,3.4150942593175764e-05,89.05626843666833
89.41074789990671,22.468042373657227,30.45342254638672,-0.0025712107308208942,3.1649743806786875e-05,3.4150942593175764e-05,89.17925282286359
89.47746989992447,22.46913719177246,30.53977394104004,-0.002571256598457694,3.171535381542235e-05,3.4150942593175764e-05,89.30248309586895
89.5441153999418,22.470048904418945,30.626127243041992,-0.0025713026989251375,3.1781048503145666e-05,3.4150942593175764e-05,89.42590461417109
89.61070240009576,22.470773696899414,30.712482452392578,-0.0025713485665619373,3.184679204418889e-05,3.4150942593175764e-05,89.54940809474326
89.67736959992908,22.4713134765625,30.798839569091797,-0.002571394434198737,3.191256489722405e-05,3.4150942593175764e-05,89.67300036777463
89.74408080009744,22.47166633605957,30.885196685791016,-0.002571440301835537,3.197835729158718e-05,3.4150942593175764e-05,89.7966199615627
89.81086799991317,22.47183609008789,30.971553802490234,-0.0025714861694723368,3.204417248416627e-05,3.4150942593175764e-05,89.92028053648578
89.87738660001196,22.47181510925293,31.057912826538086,-0.0025715320371091366,3.2109990933633354e-05,3.4150942593175764e-05,90.04394794159803
89.94406119990163,22.47180938720703,31.144262313842773,-0.0025715779047459364,3.2063739867233134e-05,3.4150942593175764e-05,89.95717721838218
90.0106963000726,22.472185134887695,31.23042106628418,-0.002571623772382736,3.1923644830179025e-05,3.4150942593175764e-05,89.6944881429035
90.0773761998862,22.47280502319336,31.316774368286133,-0.0025716698728501797,3.1853377471712383e-05,3.4150942593175764e-05,89.5626518315439
90.14406360010616,22.473520278930664,31.403175354003906,-0.0025717157404869795,3.182998650214078e-05,3.4150942593175764e-05,89.51872005480239
90.21070929989219,22.474233627319336,31.48958396911621,-0.0025717616081237793,3.183728518813493e-05,3.4150942593175764e-05,89.53240092370993
90.27736059995368,22.474884033203125,31.57598304748535,-0.002571807475760579,3.1864476945995324e-05,3.4150942593175764e-05,89.58349756889079
90.34408039995469,22.47542953491211,31.662372589111328,-0.002571853343397379,3.190513593571015e-05,3.4150942593175764e-05,89.65985225362236
90.41071540000848,22.47583770751953,31.74875259399414,-0.0025718992110341787,3.195435077018475e-05,3.4150942593175764e-05,89.75227837347097
90.47738200007007,22.47609519958496,31.835126876831055,-0.0025719450786709785,3.200928795686448e-05,3.4150942593175764e-05,89.85546204126236
90.5440857000649,22.4761905670166,31.92149543762207,-0.0025719909463077784,3.206793148208118e-05,3.4150942593175764e-05,89.96564665295301
90.61070670001209,22.476112365722656,32.00786209106445,-0.002572036813944578,3.2129053499061176e-05,3.4150942593175764e-05,90.08047579327926
90.67737390007824,22.475858688354492,32.0942268371582,-0.0025720829144120216,3.2191771391158134e-05,3.4150942593175764e-05,90.19832387721866
90.74403490009718,22.47542381286621,32.18058776855469,-0.0025721287820488214,3.225557057006905e-05,3.4150942593175764e-05,90.31816637639571
90.81082489993423,22.47480583190918,32.26694869995117,-0.0025721746496856213,3.232007323678663e-05,3.4150942593175764e-05,90.43932710208256
90.87754860008135,22.474008560180664,32.35330581665039,-0.002572220517322421,3.238502209715936e-05,3.4150942593175764e-05,90.56136209198317
90.9440758000128,22.473230361938477,32.43964385986328,-0.002572266384959221,3.2335123316206064e-05,3.4150942593175764e-05,90.46779533054317
91.01074839988723,22.472990036010742,32.52535629272461,-0.002572312019765377,3.2103219863494206e-05,3.4150942593175764e-05,90.03328601630363
91.07738819997758,22.473468780517578,32.61102294921875,-0.002572357654571533,3.186287130021437e-05,3.4150942593175764e-05,89.5829716443247
91.14408669993281,22.474395751953125,32.69719314575195,-0.002572403522208333,3.172708838286408e-05,3.4150942593175764e-05,89.32833536187745
91.21071449993178,22.475561141967773,32.783538818359375,-0.002572449389845133,3.166044919762255e-05,3.4150942593175764e-05,89.2033019189312
91.27737309993245,22.476816177368164,32.86993408203125,-0.0025724952574819326,3.163883974578357e-05,3.4150942593175764e-05,89.16271010469382
91.34405290009454,22.478065490722656,32.956336975097656,-0.0025725411251187325,3.1647359764775395e-05,3.4150942593175764e-05,89.17871323791915
91.410730100004,22.479248046875,33.04273223876953,-0.0025725869927555323,3.167559046990582e-05,3.4150942593175764e-05,89.2317291662568
91.47736559994519,22.48031997680664,33.12911605834961,-0.002572632860392332,3.171677056169966e-05,3.4150942593175764e-05,89.30907422841803
91.54414199991152,22.48125648498535,33.215492248535156,-0.0025726789608597755,3.176634365385357e-05,3.4150942593175764e-05,89.40216287661612
91.61073630000465,22.48204231262207,33.30186080932617,-0.0025727248284965754,3.182149905202889e-05,3.4150942593175764e-05,89.50572903500102
91.67740179994144,22.482662200927734,33.38822937011719,-0.002572770696133375,3.18803477611892e-05,3.4150942593175764e-05,89.61630296747435
91.74408499989659,22.483112335205078,33.47459411621094,-0.002572816563770175,3.194155120036904e-05,3.4150942593175764e-05,89.73128237196237
91.81073669996113,22.48338508605957,33.56095504760742,-0.002572862431406975,3.200435377155385e-05,3.4150942593175764e-05,89.84926705968516
91.87735949992202,22.483476638793945,33.64731979370117,-0.0025729082990437746,3.206820506067266e-05,3.4150942593175764e-05,89.96923250226726
91.94406870007515,22.48338508605957,33.733680725097656,-0.0025729541666805744,3.213272401183021e-05,3.4150942593175764e-05,90.09044786946748
92.01072830008343,22.483110427856445,33.820037841796875,-0.0025730000343173742,3.219770218419488e-05,3.4150942593175764e-05,90.21252384050311
92.07738250005059,22.482650756835938,33.906394958496094,-0.0025730461347848177,3.2262966962703014e-05,3.4150942593175764e-05,90.33514622667235
92.1440749000758,22.48200798034668,33.99275207519531,-0.0025730920024216175,3.232843692515476e-05,3.4150942593175764e-05,90.4581306128676
92.21072390000336,22.48118019104004,34.07910919189453,-0.0025731378700584173,3.239402413557428e-05,3.4150942593175764e-05,90.5813540556838
92.27735730004497,22.480165481567383,34.165462493896484,-0.002573183737695217,3.245970905263361e-05,3.4150942593175764e-05,90.70474142304008
92.34472889988683,22.478961944580078,34.25181198120117,-0.002573229605332017,3.252542979546088e-05,3.4150942593175764e-05,90.82823807342308
92.41076459991746,22.47757339477539,34.338157653808594,-0.0025732754729688168,3.259119939160805e-05,3.4150942593175764e-05,90.9517757049411
92.47739890008233,22.475997924804688,34.42449951171875,-0.0025733213406056166,3.26569820153072e-05,3.4150942593175764e-05,91.07536797797248
92.54407040006481,22.4742374420166,34.510841369628906,-0.0025733672082424164,3.272279720788629e-05,3.4150942593175764e-05,91.19903538308475
92.6107548000291,22.472291946411133,34.59717559814453,-0.00257341330870986,3.278860914357738e-05,3.4150942593175764e-05,91.32268912781863
92.67737159994431,22.47016143798828,34.683509826660156,-0.0025734591763466597,3.285443410682045e-05,3.4150942593175764e-05,91.44634970274173
92.74409869988449,22.46784210205078,34.76983642578125,-0.0025735050439834595,3.292026232695151e-05,3.4150942593175764e-05,91.57000344747564
92.81083879992366,22.465333938598633,34.85615921020508,-0.0025735509116202593,3.2986090547082574e-05,3.4150942593175764e-05,91.69365719220956
92.87738039996475,22.4626407623291,34.942474365234375,-0.002573596779257059,3.305193179476561e-05,3.4150942593175764e-05,91.81731093694347
92.94406950008124,22.459762573242188,35.028785705566406,-0.002573642646893859,3.311777304244865e-05,3.4150942593175764e-05,91.94097151186654
93.01071659987792,22.45669937133789,35.115089416503906,-0.0025736885145306587,3.3183604519467705e-05,3.4150942593175764e-05,92.06468672830297
93.07739909994416,22.453449249267578,35.201385498046875,-0.0025737343821674585,3.324944576715074e-05,3.4150942593175764e-05,92.18837462398274
93.14405009988695,22.450014114379883,35.28767776489258,-0.0025737802498042583,3.3315290271721775e-05,3.4150942593175764e-05,92.3120625196625
93.21070299996063,22.446388244628906,35.373958587646484,-0.002573826350271702,3.338111523496484e-05,3.4150942593175764e-05,92.43571626439642
93.27739880001172,22.442577362060547,35.46023178100586,-0.0025738722179085016,3.3446962996423866e-05,3.4150942593175764e-05,92.55944514121119
93.34403140004724,22.438581466674805,35.54650115966797,-0.0025739180855453014,3.351279773033092e-05,3.4150942593175764e-05,92.68313303689095
93.41071649990045,22.434398651123047,35.63275909423828,-0.0025739639531821012,3.357863246423797e-05,3.4150942593175764e-05,92.80680727219237
93.47737209987827,22.430030822753906,35.7190055847168,-0.002574009820818901,3.364446719814502e-05,3.4150942593175764e-05,92.93047467730463
93.54410709999502,22.425477981567383,35.80524826049805,-0.002574055688455701,3.371031170271605e-05,3.4150942593175764e-05,93.05418989374107
93.6107403000351,22.420740127563477,35.891475677490234,-0.0025741015560925007,3.3776159464175076e-05,3.4150942593175764e-05,93.17789144979916
93.67738360003568,22.415809631347656,35.97769546508789,-0.0025741474237293005,3.384199419808213e-05,3.4150942593175764e-05,93.30160666623561
93.7440818999894,22.410696029663086,36.06390380859375,-0.002574193524196744,3.390783218887717e-05,3.4150942593175764e-05,93.42529456191538
93.81073000002652,22.4053955078125,36.15009689331055,-0.0025742393918335438,3.39736799503362e-05,3.4150942593175764e-05,93.54898245759514
93.87736949999817,22.39990997314453,36.23628234863281,-0.0025742852594703436,3.403952445490723e-05,3.4150942593175764e-05,93.67267035327488
93.94410310010426,22.394237518310547,36.322452545166016,-0.0025743311271071434,3.410535918881427e-05,3.4150942593175764e-05,93.79635824895465
94.01083489996381,22.38838005065918,36.40861129760742,-0.002574376994743943,3.417120043649731e-05,3.4150942593175764e-05,93.92004614463441
94.0774139999412,22.382333755493164,36.4947509765625,-0.002574422862380743,3.424066008674148e-05,3.4150942593175764e-05,94.05053690872751
94.14416839997284,22.37586784362793,36.5803337097168,-0.002574468497186899,3.4448514678506986e-05,3.4150942593175764e-05,94.44155840852156
94.21071900008246,22.368566513061523,36.66456985473633,-0.0025745134335011244,3.482157165687095e-05,3.4150942593175764e-05,95.14443951562924
94.2774082000833,22.360258102416992,36.749267578125,-0.002574558835476637,3.5137522361151295e-05,3.4150942593175764e-05,95.73943095460739
94.34410570003092,22.351186752319336,36.83450698852539,-0.0025746047031134367,3.5370002283038066e-05,3.4150942593175764e-05,96.1769045709467
94.4107931999024,22.341552734375,36.91998291015625,-0.0025746505707502365,3.55457569867365e-05,3.4150942593175764e-05,96.5074447456403
94.47739910008386,22.331491470336914,37.00556564331055,-0.0025746964383870363,3.568434734153746e-05,3.4150942593175764e-05,96.76804378323297
94.54412030009553,22.32108497619629,37.0911865234375,-0.002574742306023836,3.579796713608982e-05,3.4150942593175764e-05,96.98163062876844
94.61072269990109,22.31039047241211,37.176815032958984,-0.002574788173660636,3.5895195013369285e-05,3.4150942593175764e-05,97.16435867963378
94.67739610001445,22.299440383911133,37.2624397277832,-0.0025748342741280794,3.598178263757295e-05,3.4150942593175764e-05,97.32709476679851
94.74410020001233,22.288225173950195,37.34794616699219,-0.0025748801417648792,3.609466963232669e-05,3.4150942593175764e-05,97.53931557449998
94.81073820008896,22.276456832885742,37.432395935058594,-0.002574925310909748,3.6388685195968674e-05,3.4150942593175764e-05,98.09296387843204
94.87743590003811,22.26378631591797,37.51533508300781,-0.0025749700143933296,3.681765968429851e-05,3.4150942593175764e-05,98.90182903089081
94.94407279998995,22.249906539916992,37.598548889160156,-0.0025750151835381985,3.7207730645542174e-05,3.4150942593175764e-05,99.637071574286
95.0107474999968,22.235013961791992,37.68260955810547,-0.0025750603526830673,3.749074769842903e-05,3.4150942593175764e-05,100.16999025408708
95.0774218000006,22.219411849975586,37.767032623291016,-0.002575106220319867,3.770002555024784e-05,3.4150942593175764e-05,100.56379164087333
95.14405289990827,22.20328712463379,37.851593017578125,-0.002575152087956667,3.786092233091847e-05,3.4150942593175764e-05,100.86641000223992
95.21076339995489,22.186763763427734,37.93619918823242,-0.0025751979555934668,3.798929908497081e-05,3.4150942593175764e-05,101.10779571769733
95.27739099995233,22.169918060302734,38.02080535888672,-0.0025752440560609102,3.809648326884739e-05,3.4150942593175764e-05,101.30929312840188
95.34409169992432,22.152799606323242,38.10539627075195,-0.00257528992369771,3.8189447879742947e-05,3.4150942593175764e-05,101.484057178695
95.41076150001027,22.135433197021484,38.189964294433594,-0.00257533579133451,3.827310756164017e-05,3.4150942593175764e-05,101.64130179376701
95.47745110001415,22.11785125732422,38.27449035644531,-0.0025753816589713097,3.835063778033302e-05,3.4150942593175764e-05,101.78703070989843
95.54409800004214,22.10005760192871,38.35898208618164,-0.0025754275266081095,3.842419459567341e-05,3.4150942593175764e-05,101.92528739907782
95.61076910002157,22.082069396972656,38.44343566894531,-0.0025754733942449093,3.849509379041085e-05,3.4150942593175764e-05,102.05852389921726
95.6774375999812,22.063886642456055,38.52785110473633,-0.002575519261881709,3.8564266834511564e-05,3.4150942593175764e-05,102.18855704063597
95.74409359996207,22.045515060424805,38.61222457885742,-0.002575565129518509,3.8632296710926444e-05,3.4150942593175764e-05,102.3164181818986
95.81074129999615,22.026952743530273,38.69655990600586,-0.0025756112299859524,3.869956773243877e-05,3.4150942593175764e-05,102.44285181362471
95.87741580000147,22.00820541381836,38.78085708618164,-0.002575657097622752,3.8766353477640016e-05,3.4150942593175764e-05,102.56837703019121
95.94409150001593,21.989198684692383,38.864837646484375,-0.002575702965259552,3.891463633111059e-05,3.4150942593175764e-05,102.847301465327
96.01127279992215,21.969650268554688,38.947513580322266,-0.002575748134404421,3.9249398820443226e-05,3.4150942593175764e-05,103.4781104163127
96.07789719989523,21.94908332824707,39.02956771850586,-0.0025757933035492897,3.965942147753703e-05,3.4150942593175764e-05,104.25132881149317
96.14465699996799,21.92745018005371,39.11210250854492,-0.0025758384726941586,3.996024719397408e-05,3.4150942593175764e-05,104.81797496541577
96.21124799991958,21.90505027770996,39.19487380981445,-0.0025758843403309584,4.0187571462166636e-05,3.4150942593175764e-05,105.24589314710624
96.27795500005595,21.882062911987305,39.27676773071289,-0.002575929742306471,4.050705914680827e-05,3.4150942593175764e-05,105.84789919036199
96.34455549996346,21.85834503173828,39.357017517089844,-0.0025759742129594088,4.095313555399365e-05,3.4150942593175764e-05,106.68956974140431
96.4114292000886,21.83363914489746,39.43573760986328,-0.0025760179851204157,4.1477126492655146e-05,3.4150942593175764e-05,107.67914803892329
96.47810669988394,21.80777359008789,39.51310348510742,-0.002576061524450779,4.205142332326917e-05,3.4150942593175764e-05,108.76440362633578
96.54477140004747,21.78017807006836,39.59095764160156,-0.002576105296611786,4.2567802914689116e-05,3.4150942593175764e-05,109.7396863379219
96.61127149988897,21.75086212158203,39.6702880859375,-0.002576150232926011,4.293949200009568e-05,3.4150942593175764e-05,110.44051838827856
96.67793020000681,21.720460891723633,39.75019454956055,-0.0025761958677321672,4.320855328792901e-05,3.4150942593175764e-05,110.9472501228018
96.74461339996196,21.68934440612793,39.83026123046875,-0.002576241735368967,4.34086695138212e-05,3.4150942593175764e-05,111.3238257725013
96.81158760003746,21.65772247314453,39.91035842895508,-0.002576287603005767,4.356285059144858e-05,3.4150942593175764e-05,111.61380828390335
96.8779152999632,21.625715255737305,39.99041748046875,-0.0025763334706425667,4.368714320795668e-05,3.4150942593175764e-05,111.847489545977
96.94476590002887,21.593400955200195,40.07041549682617,-0.0025763793382793665,4.379138642197483e-05,3.4150942593175764e-05,112.04341352231882
97.01129060005769,21.560827255249023,40.15033721923828,-0.0025764252059161663,4.388259231335373e-05,3.4150942593175764e-05,112.2148171195403
97.07811039988883,21.528024673461914,40.23019027709961,-0.0025764713063836098,4.396506974490919e-05,3.4150942593175764e-05,112.36978728161871
97.14477319992147,21.495014190673828,40.30997085571289,-0.0025765171740204096,4.404183785181149e-05,3.4150942593175764e-05,112.51401355613268
97.21154689998366,21.461809158325195,40.38967514038086,-0.0025765630416572094,4.411488659262485e-05,3.4150942593175764e-05,112.65127303769326
97.27792989998125,21.42841339111328,40.46930694580078,-0.002576608909294009,4.4185482896778863e-05,3.4150942593175764e-05,112.78388116042908
97.34476569993421,21.39483642578125,40.54886245727539,-0.002576654776930809,4.425441167428004e-05,3.4150942593175764e-05,112.91338154709251
97.4115961000789,21.361080169677734,40.62834930419922,-0.002576700644567609,4.432230801828718e-05,3.4150942593175764e-05,113.04091483927499
97.47811240004376,21.327144622802734,40.70777130126953,-0.0025767465122044086,4.438948784693568e-05,3.4150942593175764e-05,113.16711624456933
97.54479509987868,21.293012619018555,40.78666305541992,-0.0025767923798412085,4.457000737776906e-05,3.4150942593175764e-05,113.50680887275074
97.61164360004477,21.258569717407227,40.86403274536133,-0.0025768375489860773,4.4928926205351856e-05,3.4150942593175764e-05,114.18357133647227
97.67808460001834,21.223468780517578,40.9399299621582,-0.002576882252469659,4.53801810644474e-05,3.4150942593175764e-05,115.03541203918874
97.74486309988424,21.186931610107422,41.016326904296875,-0.002576927188783884,4.573967636120511e-05,3.4150942593175764e-05,115.71330831431253
97.81149329990149,21.149322509765625,41.09309005737305,-0.0025769725907593966,4.600788108749607e-05,3.4150942593175764e-05,116.21851008646169
97.8781314000953,21.11123275756836,41.16884994506836,-0.0025770175270736217,4.63552998435727e-05,3.4150942593175764e-05,116.87363451089261
97.94481809996068,21.072675704956055,41.24287033081055,-0.0025770619977265596,4.6817328488151796e-05,3.4150942593175764e-05,117.74615019622674
98.01133759994991,21.033397674560547,41.315223693847656,-0.0025771057698875666,4.735110963212272e-05,3.4150942593175764e-05,118.75516038193439
98.07807589997537,20.993200302124023,41.38605880737305,-0.00257714930921793,4.793129165934156e-05,3.4150942593175764e-05,119.85264883815037
98.14464309997857,20.951913833618164,41.45555877685547,-0.002577192150056362,4.8539968199618336e-05,3.4150942593175764e-05,121.00457390205136
98.21128330007195,20.909427642822266,41.52383804321289,-0.0025772349908947945,4.916695170730837e-05,3.4150942593175764e-05,122.19160613828622
98.27807829994708,20.865678787231445,41.59095764160156,-0.0025772780645638704,4.9805793544183884e-05,3.4150942593175764e-05,123.4014102252139
98.3448540000245,20.820619583129883,41.65696334838867,-0.0025773202069103718,5.045255287577238e-05,3.4150942593175764e-05,124.6264456339907
98.41137270000763,20.773073196411133,41.72378921508789,-0.0025773639790713787,5.100298974494369e-05,3.4150942593175764e-05,125.66778993522918
98.47795070009306,20.723222732543945,41.791805267333984,-0.0025774091482162476,5.1395272133135164e-05,3.4150942593175764e-05,126.40831904504198
98.5446488999296,20.672067642211914,41.86013412475586,-0.0025774543173611164,5.1679920886906916e-05,3.4150942593175764e-05,126.94484406472482
98.61129570007324,20.62010955810547,41.928466796875,-0.0025775001849979162,5.18913189728097e-05,3.4150942593175764e-05,127.34290748955316
98.67792019993067,20.567617416381836,41.99668502807617,-0.0025775462854653597,5.205364552730961e-05,3.4150942593175764e-05,127.6483125681011
98.74459549994208,20.51474380493164,42.06476593017578,-0.0025775921531021595,5.218254338344097e-05,3.4150942593175764e-05,127.89068866098818
98.81129060010426,20.461578369140625,42.13270568847656,-0.0025776380207389593,5.2289779677525444e-05,3.4150942593175764e-05,128.0923021849086
98.878217499936,20.408178329467773,42.20050048828125,-0.002577683888375759,5.23829559861406e-05,3.4150942593175764e-05,128.26742823522773
98.9446700999979,20.354578018188477,42.26813888549805,-0.002577729756012559,5.2476532891978995e-05,3.4150942593175764e-05,128.44329194597722
99.01155639998615,20.300968170166016,42.334896087646484,-0.002577775390818715,5.2720209994788516e-05,3.4150942593175764e-05,128.90238994122882
99.07794720004313,20.24741554260254,42.39997863769531,-0.0025778203271329403,5.311716927413911e-05,3.4150942593175764e-05,129.65192124036767
99.14477819995955,20.193695068359375,42.463226318359375,-0.0025778645649552345,5.3610887438898067e-05,3.4150942593175764e-05,130.58552613763837
99.21131969988346,20.139530181884766,42.524742126464844,-0.002577907871454954,5.416437601211958e-05,3.4150942593175764e-05,131.63319519404828
99.27796479989775,20.083621978759766,42.58607482910156,-0.002577952342107892,5.4655452840715546e-05,3.4150942593175764e-05,132.56197797776497
99.34460949990898,20.0257511138916,42.64795684814453,-0.0025779972784221172,5.5010766293289196e-05,3.4150942593175764e-05,133.2326342523685
99.41154189989902,19.96694564819336,42.70958709716797,-0.0025780426803976297,5.531656853458079e-05,3.4150942593175764e-05,133.8093890862627
99.47804279997945,19.90819549560547,42.76959228515625,-0.0025780873838812113,5.573899993493105e-05,3.4150942593175764e-05,134.60748303040037
99.54480560007505,19.849254608154297,42.82789611816406,-0.002578131388872862,5.6238052882223874e-05,3.4150942593175764e-05,135.5516747208846
99.61131690000184,19.788503646850586,42.88629150390625,-0.0025781765580177307,5.66356342271813e-05,3.4150942593175764e-05,136.30273598239754
99.67811489989981,19.72637367248535,42.94480514526367,-0.0025782217271625996,5.69212633042392e-05,3.4150942593175764e-05,136.84133737958805
99.74461749987677,19.6634464263916,43.003177642822266,-0.0025782675947993994,5.713331276774074e-05,3.4150942593175764e-05,137.24078050262875
99.8114390000701,19.600008010864258,43.06135559082031,-0.002578313695266843,5.7296085515895805e-05,3.4150942593175764e-05,137.5471144869038
99.87794680008665,19.536218643188477,43.11933517456055,-0.0025783595629036427,5.742563149273793e-05,3.4150942593175764e-05,137.79080197611154
99.94473210000433,19.472164154052734,43.17711639404297,-0.0025784054305404425,5.753333026491753e-05,3.4150942593175764e-05,137.99331708500242
100.01128469989635,19.407901763916016,43.23472213745117,-0.0025784512981772423,5.76268159778921e-05,3.4150942593175764e-05,138.16907151272517
100.07793930009939,19.343461990356445,43.29216384887695,-0.002578497165814042,5.771091533966848e-05,3.4150942593175764e-05,138.32714941087596
100.14459410007112,19.278860092163086,43.34943771362305,-0.002578543033450842,5.778865725608094e-05,3.4150942593175764e-05,138.4732334968442
100.21132160001434,19.214269638061523,43.40619659423828,-0.0025785889010876417,5.796412535363591e-05,3.4150942593175764e-05,138.80365072813274
100.27793149999343,19.150043487548828,43.461463928222656,-0.0025786340702325106,5.83183575193956e-05,3.4150942593175764e-05,139.47249017241705
100.34462599991821,19.086055755615234,43.51491928100586,-0.002578678308054805,5.8785356175053264e-05,3.4150942593175764e-05,140.35579755663977
100.41128639993258,19.022024154663086,43.56657028198242,-0.0025787220802158117,5.932173957253125e-05,3.4150942593175764e-05,141.37167891265247
100.47793380008079,18.95771026611328,43.61647033691406,-0.002578765619546175,5.9903028941668004e-05,3.4150942593175764e-05,142.47342940691055
100.54469159990549,18.892892837524414,43.66471481323242,-0.002578808693215251,6.0511904152112396e-05,3.4150942593175764e-05,143.62810020685788
100.61144470004365,18.82743263244629,43.71137619018555,-0.0025788515340536833,6.11385294021231e-05,3.4150942593175764e-05,144.8168673111419
100.67794329999015,18.760948181152344,43.7567138671875,-0.0025788943748921156,6.176148088247678e-05,3.4150942593175764e-05,145.9986539620942
100.74460570001975,18.69145393371582,43.8023567199707,-0.0025789388455450535,6.224234736721212e-05,3.4150942593175764e-05,146.9088449708901
100.81146469991654,18.6199951171875,43.84803009033203,-0.002578984247520566,6.25889453875143e-05,3.4150942593175764e-05,147.56335467829575
100.8781729999464,18.547462463378906,43.89348220825195,-0.0025790296494960785,6.284004493806174e-05,3.4150942593175764e-05,148.03678241042599
100.94469689996913,18.474321365356445,43.938636779785156,-0.002579075749963522,6.30289509554792e-05,3.4150942593175764e-05,148.3925806246703
101.01133470004424,18.400794982910156,43.9835090637207,-0.0025791216176003218,6.317627302699159e-05,3.4150942593175764e-05,148.66987264459448
101.0779248001054,18.327001571655273,44.02812957763672,-0.0025791674852371216,6.329533833826962e-05,3.4150942593175764e-05,148.89384820785753
101.14458570000716,18.253232955932617,44.07221984863281,-0.0025792133528739214,6.348076599930969e-05,3.4150942593175764e-05,149.24322604428204
101.21129020000808,18.180082321166992,44.11491012573242,-0.0025792582891881466,6.383850257655072e-05,3.4150942593175764e-05,149.91897764000643
101.27793259988539,18.107473373413086,44.1558723449707,-0.0025793027598410845,6.430593765519957e-05,3.4150942593175764e-05,150.80380132622489
101.34464689996094,18.035158157348633,44.195037841796875,-0.0025793465320020914,6.484335022928359e-05,3.4150942593175764e-05,151.82237377677055
101.41129549988545,17.962858200073242,44.232444763183594,-0.0025793900713324547,6.542396867949362e-05,3.4150942593175764e-05,152.9239057049752
101.4779056000989,17.8903751373291,44.26813507080078,-0.002579432912170887,6.603288948636993e-05,3.4150942593175764e-05,154.07968299556808
101.54461980005726,17.817543029785156,44.30214309692383,-0.002579475985839963,6.665928024044508e-05,3.4150942593175764e-05,155.26918776028248
101.61127329990268,17.741943359375,44.33578872680664,-0.0025795199908316135,6.716478182596567e-05,3.4150942593175764e-05,156.22712179137676
101.67790969996713,17.6641788482666,44.36919021606445,-0.0025795649271458387,6.75289540138825e-05,3.4150942593175764e-05,156.91546825593065
101.74460859992541,17.585304260253906,44.40217971801758,-0.002579610561951995,6.779438387160273e-05,3.4150942593175764e-05,157.41627138625432
101.81132290000096,17.505815505981445,44.43477249145508,-0.0025796564295887947,6.79921421105874e-05,3.4150942593175764e-05,157.78896748850525
101.87792170001194,17.425962448120117,44.46702575683594,-0.0025797022972255945,6.814429740388261e-05,3.4150942593175764e-05,158.07548026380894
101.94460720010102,17.34587860107422,44.49897384643555,-0.0025797481648623943,6.826723189809728e-05,3.4150942593175764e-05,158.30688707288894
102.01134829991497,17.265628814697266,44.53065872192383,-0.002579794265329838,6.837056644036516e-05,3.4150942593175764e-05,158.50123327553248
102.07791069988161,17.185260772705078,44.56209945678711,-0.0025798401329666376,6.8465491697833e-05,3.4150942593175764e-05,158.67978808081497
102.14462159993127,17.1052303314209,44.592864990234375,-0.0025798857677727938,6.868890770043298e-05,3.4150942593175764e-05,159.10110146957803
102.21126129990444,17.026105880737305,44.62224197387695,-0.002579930704087019,6.907436039450142e-05,3.4150942593175764e-05,159.83003291818014
102.27794860000722,16.947782516479492,44.649959564208984,-0.002579975174739957,6.956056166177065e-05,3.4150942593175764e-05,160.75131615418815
102.34462299989536,16.869985580444336,44.67595291137695,-0.002580018946900964,7.010930169229716e-05,3.4150942593175764e-05,161.7923462667248
102.41138119995594,16.792444229125977,44.70021438598633,-0.0025800620205700397,7.069691593791791e-05,3.4150942593175764e-05,162.9080986487814
102.47793930000626,16.714397430419922,44.722957611083984,-0.0025801053270697594,7.128165109455212e-05,3.4150942593175764e-05,164.0184825021504
102.54462729999796,16.633623123168945,44.7451171875,-0.0025801497977226973,7.17191423449858e-05,3.4150942593175764e-05,164.84682052393285
102.61132539995015,16.551313400268555,44.76669692993164,-0.002580194966867566,7.203528194876978e-05,3.4150942593175764e-05,165.4439976234454
102.6781808999367,16.468219757080078,44.787757873535156,-0.002580240834504366,7.226688576778621e-05,3.4150942593175764e-05,165.88080188124604
102.7445819999557,16.38470458984375,44.808372497558594,-0.0025802867021411657,7.244211936940563e-05,3.4150942593175764e-05,166.21086394269776
102.81128389993683,16.300945281982422,44.82862091064453,-0.002580332802608609,7.258036775096724e-05,3.4150942593175764e-05,166.47113513121025
102.87791740009561,16.217031478881836,44.84856033325195,-0.002580378670245409,7.269374002203207e-05,3.4150942593175764e-05,166.68442827861142
102.94456960004754,16.13328742980957,44.86802291870117,-0.002580424537882209,7.287225656674927e-05,3.4150942593175764e-05,167.02081509523455
103.01138040004298,16.050554275512695,44.88636016845703,-0.002580469474196434,7.322483423340809e-05,3.4150942593175764e-05,167.6874825393628
103.07794380001724,15.968659400939941,44.90328598022461,-0.0025805141776800156,7.367413495970735e-05,3.4150942593175764e-05,168.53860607221645
103.14458910003304,15.885498046875,44.91936111450195,-0.0025805591139942408,7.40313374073174e-05,3.4150942593175764e-05,169.214084460374
103.2113226999063,15.801375389099121,44.934814453125,-0.002580604748800397,7.429203174989461e-05,3.4150942593175764e-05,169.7061176278034
103.27791170007549,15.716753005981445,44.94975662231445,-0.0025806506164371967,7.44857775028709e-05,3.4150942593175764e-05,170.0713005219673
103.34460849990137,15.63186264038086,44.96428298950195,-0.0025806964840739965,7.463634343482514e-05,3.4150942593175764e-05,170.35487631592787
103.41135350009426,15.546812057495117,44.97846984863281,-0.00258074258454144,7.47582357248818e-05,3.4150942593175764e-05,170.5842613890136
103.47794210002758,15.461658477783203,44.992366790771484,-0.00258078845217824,7.486088632067098e-05,3.4150942593175764e-05,170.7773918179849
103.5445999999065,15.376432418823242,45.00600814819336,-0.0025808343198150396,7.495099789768394e-05,3.4150942593175764e-05,170.94691711318458
103.61143009993248,15.291152000427246,45.01942443847656,-0.0025808801874518394,7.503277835520873e-05,3.4150942593175764e-05,171.1006783317799
103.67806129995733,15.205672264099121,45.03264236450195,-0.0025809260550886393,7.510921100264766e-05,3.4150942593175764e-05,171.24437185153866
103.74470790009946,15.120308876037598,45.04562759399414,-0.002580971922725439,7.518187868756575e-05,3.4150942593175764e-05,171.38098929531725
103.81140580005012,15.034912109375,45.05842208862305,-0.002581017790362239,7.525224700956019e-05,3.4150942593175764e-05,171.5132627387837
103.87810249999166,14.949481964111328,45.07101821899414,-0.0025810636579990387,7.532098037378174e-05,3.4150942593175764e-05,171.6425035782587
103.94469980010763,14.864023208618164,45.083431243896484,-0.002581109758466482,7.53887106165012e-05,3.4150942593175764e-05,171.7698866062794
104.01139090000652,14.778535842895508,45.09565353393555,-0.002581155626103282,7.545578948162188e-05,3.4150942593175764e-05,171.89598555873621
104.07804839988239,14.693021774291992,45.10768508911133,-0.002581201493740082,7.55224319237514e-05,3.4150942593175764e-05,172.02123756773588
104.14469589991495,14.6074800491333,45.119529724121094,-0.0025812473613768816,7.55887682184095e-05,3.4150942593175764e-05,172.145984142737
104.21142899990082,14.521913528442383,45.13119125366211,-0.0025812932290136814,7.565492864111593e-05,3.4150942593175764e-05,172.2703072460096
104.27813789993525,14.436321258544922,45.14266586303711,-0.0025813390966504812,7.572097181585458e-05,3.4150942593175764e-05,172.3944391039854
104.34472099994309,14.350708961486816,45.153953552246094,-0.002581384964287281,7.578964655609225e-05,3.4150942593175764e-05,172.52357066043368
104.41141050006263,14.265518188476562,45.16474914550781,-0.002581430599093437,7.598755461192463e-05,3.4150942593175764e-05,172.8967858570615
104.47806559992023,14.18152904510498,45.17445755004883,-0.0025814755354076624,7.635889195342785e-05,3.4150942593175764e-05,173.59939375660235
104.54470609989949,14.09719467163086,45.18315887451172,-0.002581520937383175,7.670802383258922e-05,3.4150942593175764e-05,174.25966814366748
104.61141559993848,14.011994361877441,45.19116973876953,-0.002581566572189331,7.696193733436332e-05,3.4150942593175764e-05,174.73895617810564
104.67804130003788,13.926369667053223,45.19864273071289,-0.002581612439826131,7.71520418865625e-05,3.4150942593175764e-05,175.09732254347787
104.74470579996705,13.840523719787598,45.20568084716797,-0.0025816583074629307,7.730020423517731e-05,3.4150942593175764e-05,175.37636309182957
104.81144779990427,13.754552841186523,45.21237564086914,-0.0025817041750997305,7.742010330978175e-05,3.4150942593175764e-05,175.60205986276347
104.87804339989088,13.66850757598877,45.218772888183594,-0.0025817500427365303,7.752147069170136e-05,3.4150942593175764e-05,175.79277240476856
104.94473410001956,13.582408905029297,45.22491455078125,-0.00258179591037333,7.761076804671588e-05,3.4150942593175764e-05,175.96074041683752
105.01140720001422,13.496281623840332,45.2308235168457,-0.00258184177801013,7.769196226440177e-05,3.4150942593175764e-05,176.11346344667902
105.07804819988087,13.41012954711914,45.23651123046875,-0.0025818878784775734,7.776794546129757e-05,3.4150942593175764e-05,176.25635100411566
105.14471539994702,13.323957443237305,45.24199676513672,-0.002581933746114373,7.784043076048799e-05,3.4150942593175764e-05,176.39262693843574
105.21141039999202,13.237768173217773,45.24728012084961,-0.002581979613751173,7.791061669675478e-05,3.4150942593175764e-05,176.52462717433542
105.27803779998794,13.151564598083496,45.25236892700195,-0.002582025481387973,7.797928492321646e-05,3.4150942593175764e-05,176.6537587307837
105.34472030005418,13.065348625183105,45.25726318359375,-0.0025820713490247726,7.804700865215991e-05,3.4150942593175764e-05,176.78101881539936
105.41150579997338,12.979121208190918,45.26197052001953,-0.0025821172166615725,7.811400283819277e-05,3.4150942593175764e-05,176.90707678672112
105.47805509995669,12.892889976501465,45.2664794921875,-0.0025821630842983723,7.818510721687382e-05,3.4150942593175764e-05,177.04078456991328
105.54472670005634,12.807178497314453,45.2704963684082,-0.0025822087191045284,7.839574319098604e-05,3.4150942593175764e-05,177.4380830135546
105.61152089992538,12.722748756408691,45.27350997924805,-0.0025822536554187536,7.877335329876536e-05,3.4150942593175764e-05,178.15287597057477
105.67822999996133,12.63891315460205,45.275291442871094,-0.002582298358902335,7.920404416706793e-05,3.4150942593175764e-05,178.96904259525627
105.74471309990622,12.553831100463867,45.27613830566406,-0.0025823437608778477,7.952065927649903e-05,3.4150942593175764e-05,179.56758573260282
105.81142150005326,12.468121528625488,45.27627944946289,-0.002582389395684004,7.975374823644064e-05,3.4150942593175764e-05,-179.99257376313938
105.87805800000206,12.382102012634277,45.27588653564453,-0.0025824352633208036,7.992920330644365e-05,3.4150942593175764e-05,-179.66181502239235
105.94477419997565,12.29593563079834,45.275081634521484,-0.0025824811309576035,8.006763407373291e-05,3.4150942593175764e-05,-179.40113402252962
106.01142970006913,12.209694862365723,45.27393341064453,-0.0025825269985944033,8.01814427677889e-05,3.4150942593175764e-05,-179.186857327888
106.07806409988552,12.1234130859375,45.272499084472656,-0.002582572866231203,8.027858922286853e-05,3.4150942593175764e-05,-179.0040678053201
106.14476660010405,12.037110328674316,45.27081298828125,-0.002582618733868003,8.03650661128804e-05,3.4150942593175764e-05,-178.8413726992904
106.21173179987818,11.950751304626465,45.26897430419922,-0.0025826648343354464,8.039486663802384e-05,3.4150942593175764e-05,-178.78524220469123
106.2783309998922,11.864741325378418,45.267478942871094,-0.002582710701972246,8.022446625818725e-05,3.4150942593175764e-05,-179.10388418985065
106.34477999992669,11.779582023620605,45.26677703857422,-0.002582755871117115,7.991277556340282e-05,3.4150942593175764e-05,-179.68513328821874
106.4114085000474,11.695301055908203,45.26713180541992,-0.0025828005746006966,7.950915594810487e-05,3.4150942593175764e-05,179.5635559209925
106.47811269992962,11.611146926879883,45.268646240234375,-0.0025828457437455654,7.909740062659835e-05,3.4150942593175764e-05,178.79722235649544
106.54474629997276,11.525616645812988,45.27100372314453,-0.002582891145721078,7.884045170521402e-05,3.4150942593175764e-05,178.31746986919373
106.61145629989915,11.439531326293945,45.273860931396484,-0.0025829370133578777,7.869240009079101e-05,3.4150942593175764e-05,178.04043739645803
106.67808209988289,11.353245735168457,45.276981353759766,-0.002582983113825321,7.861873579814682e-05,3.4150942593175764e-05,177.9023856129537
106.74478859989904,11.2669038772583,45.28020477294922,-0.002583028981462121,7.859251133602059e-05,3.4150942593175764e-05,177.85319459055128
106.81149149988778,11.180481910705566,45.2834358215332,-0.002583074849098921,7.859759208129096e-05,3.4150942593175764e-05,177.8627568553893
106.87812269991264,11.094136238098145,45.28660583496094,-0.0025831207167357206,7.862354947860168e-05,3.4150942593175764e-05,177.91157904757654
106.94482140010223,11.00779914855957,45.2896728515625,-0.0025831665843725204,7.866323791569436e-05,3.4150942593175764e-05,177.98617837369144
107.01155430008657,10.921465873718262,45.292606353759766,-0.0025832124520093203,7.871179811568219e-05,3.4150942593175764e-05,178.0774570217595
107.07812969991937,10.835142135620117,45.29538345336914,-0.00258325831964612,7.87708585225621e-05,3.4150942593175764e-05,178.18847491652886
107.1447874000296,10.749326705932617,45.29770278930664,-0.0025833039544522762,7.89737105343691e-05,3.4150942593175764e-05,178.5710747930763
107.21149059990421,10.664782524108887,45.29905700683594,-0.0025833488907665014,7.934427925030579e-05,3.4150942593175764e-05,179.27245325856657
107.27812939998694,10.580230712890625,45.29933166503906,-0.0025833940599113703,7.971555145404914e-05,3.4150942593175764e-05,179.97522508264754
107.34502299991436,10.494765281677246,45.29878234863281,-0.0025834396947175264,7.998479838449812e-05,3.4150942593175764e-05,-179.51626369117935
107.41148220002651,10.408879280090332,45.29762268066406,-0.0025834855623543262,8.018591121811643e-05,3.4150942593175764e-05,-179.1370106073252
107.4781825998798,10.322786331176758,45.295989990234375,-0.002583531429991126,8.034076972844652e-05,3.4150942593175764e-05,-178.84522492598228
107.5447797998786,10.236593246459961,45.293983459472656,-0.002583577297627926,8.046520239113835e-05,3.4150942593175764e-05,-178.61097675820753
107.61146689997986,10.150348663330078,45.291664123535156,-0.0025836231652647257,8.056972895441196e-05,3.4150942593175764e-05,-178.4142126685978
107.67813470005058,10.064079284667969,45.28908157348633,-0.0025836690329015255,8.066093484579087e-05,3.4150942593175764e-05,-178.24257001475536
107.74481520010158,9.977797508239746,45.286258697509766,-0.0025837149005383253,8.074341227734632e-05,3.4150942593175764e-05,-178.08740177719102
107.81152680004016,9.891512870788574,45.28321838378906,-0.002583760768175125,8.082021621001655e-05,3.4150942593175764e-05,-177.9429159554886
107.8782007000409,9.805228233337402,45.27996063232422,-0.0025838068686425686,8.08932682077179e-05,3.4150942593175764e-05,-177.8055881720363
107.94478060002439,9.718921661376953,45.27653121948242,-0.0025838527362793684,8.094283152920783e-05,3.4150942593175764e-05,-177.71239707100065
108.0115704999771,9.632800102233887,45.27332305908203,-0.002583898603916168,8.08160278520565e-05,3.4150942593175764e-05,-177.94966418238855
108.07812880002894,9.547332763671875,45.27081298828125,-0.002583943773061037,8.05482725763087e-05,3.4150942593175764e-05,-178.4494701050934
108.14507530000992,9.461405754089355,45.26890563964844,-0.002583989640697837,8.035780976643017e-05,3.4150942593175764e-05,-178.80552786652615
108.21148409997113,9.375141143798828,45.267333984375,-0.0025840357411652803,8.02553676114726e-05,3.4150942593175764e-05,-178.9973878803118
108.27814739989117,9.288742065429688,45.26592254638672,-0.00258408160880208,8.021075475973327e-05,3.4150942593175764e-05,-179.08105769764447
108.34480309998617,9.20234203338623,45.26455307006836,-0.00258412747643888,8.020370685411465e-05,3.4150942593175764e-05,-179.0942399627426
108.41160109988414,9.115945816040039,45.263153076171875,-0.0025841733440756798,8.022145037990498e-05,3.4150942593175764e-05,-179.06088131883627
108.47817060002126,9.029561996459961,45.26166534423828,-0.0025842192117124796,8.025592128243155e-05,3.4150942593175764e-05,-178.99609014436953
108.54483549995348,8.943190574645996,45.26005935668945,-0.0025842650793492794,8.030104220869791e-05,3.4150942593175764e-05,-178.9112728552563
108.61152000003494,8.856829643249512,45.25830841064453,-0.002584310946986079,8.035318498547896e-05,3.4150942593175764e-05,-178.81320499915324
108.678177600028,8.770478248596191,45.25640106201172,-0.002584356814622879,8.041010887383491e-05,3.4150942593175764e-05,-178.7062169159942
108.74480720004067,8.684136390686035,45.25432586669922,-0.0025844029150903225,8.047000304404124e-05,3.4150942593175764e-05,-178.59354611544563
108.81151370005682,8.597801208496094,45.2520751953125,-0.0025844487827271223,8.053194253990769e-05,3.4150942593175764e-05,-178.47709139009692
108.87819029996172,8.511473655700684,45.24964904785156,-0.002584494650363922,8.059520433229961e-05,3.4150942593175764e-05,-178.35812315513365
108.94482339988463,8.425148010253906,45.24703598022461,-0.002584540518000722,8.065933897067389e-05,3.4150942593175764e-05,-178.23759763703958
109.01149390009232,8.338833808898926,45.24424362182617,-0.0025845863856375217,8.072400773867914e-05,3.4150942593175764e-05,-178.115924647165
109.07813649997115,8.252525329589844,45.24126434326172,-0.0025846322532743216,8.078908036079566e-05,3.4150942593175764e-05,-177.99355497799505
109.14481440000236,8.166224479675293,45.23809814453125,-0.0025846781209111214,8.085440702017567e-05,3.4150942593175764e-05,-177.87076183709655
109.21154149994254,8.079931259155273,45.23474884033203,-0.002584723988547921,8.091988349640339e-05,3.4150942593175764e-05,-177.74761352636122
109.2781934000086,7.993645668029785,45.23121643066406,-0.002584769856184721,8.098545767927093e-05,3.4150942593175764e-05,-177.62430129108583
109.34480229998007,7.90736722946167,45.22749328613281,-0.0025848159566521645,8.105109699989836e-05,3.4150942593175764e-05,-177.50083879164868
109.4115671000909,7.821097373962402,45.22358703613281,-0.0025848618242889643,8.111678843073368e-05,3.4150942593175764e-05,-177.37732165069815
109.47813900001347,7.734836101531982,45.21949768066406,-0.002584907691925764,8.118249940289696e-05,3.4150942593175764e-05,-177.25369522672094
109.54484290000983,7.648583889007568,45.21521759033203,-0.002584953559562564,8.124824294394018e-05,3.4150942593175764e-05,-177.1300688027437
109.6114936999511,7.562333106994629,45.210941314697266,-0.0025849994271993637,8.12084046899998e-05,3.4150942593175764e-05,-177.20465446848024
109.67820039996877,7.476659774780273,45.20720672607422,-0.00258504506200552,8.098264372804428e-05,3.4150942593175764e-05,-177.62632302708013
109.74479779996909,7.3918657302856445,45.20439529418945,-0.0025850902311503887,8.06340459785139e-05,3.4150942593175764e-05,-178.27584669639168
109.811646200018,7.307861328125,45.20272445678711,-0.0025851349346339703,8.020796034983458e-05,3.4150942593175764e-05,-179.0685721118417
109.87830469990149,7.224471092224121,45.202327728271484,-0.002585179405286908,7.973063735923651e-05,3.4150942593175764e-05,-179.95564976048627
109.94486550008878,7.140956878662109,45.2032356262207,-0.002585223875939846,7.926710403240426e-05,3.4150942593175764e-05,179.18262261060258
110.0115541999694,7.055710792541504,45.20509719848633,-0.002585269045084715,7.896929419424948e-05,3.4150942593175764e-05,178.6270413631354
110.07817850005813,6.969720840454102,45.20753860473633,-0.0025853151455521584,7.879512233811604e-05,3.4150942593175764e-05,178.30125500010413
110.1448411999736,6.883463382720947,45.21030807495117,-0.002585361013188958,7.870232708539617e-05,3.4150942593175764e-05,178.1274266857273
110.21167079987936,6.797121047973633,45.21321487426758,-0.002585406880825758,7.866349195295787e-05,3.4150942593175764e-05,178.05456222766162
110.2782175000757,6.710759162902832,45.21615982055664,-0.002585452748462558,7.866108185584244e-05,3.4150942593175764e-05,178.05009528394442
110.34483670000918,6.638942718505859,45.21857833862305,-0.002585490932688117,7.867816097648204e-05,3.4150942593175764e-05,178.0821425315301
110.41151740006171,6.583211421966553,45.22040939331055,-0.0025855207350105047,7.87013109363421e-05,3.4150942593175764e-05,178.1256918176781
110.47820089990273,6.540292263031006,45.2217903137207,-0.002585543552413583,7.872429153802648e-05,3.4150942593175764e-05,178.16887227361093
110.54492489993572,6.507387638092041,45.22282791137695,-0.002585561014711857,7.87444647022602e-05,3.4150942593175764e-05,178.20677982350452
110.61152320005931,6.482332706451416,45.223602294921875,-0.002585574286058545,7.876110739990861e-05,3.4150942593175764e-05,178.23807575028152
110.74486360000446,6.449153900146484,45.22460174560547,-0.0025855922140181065,7.87845569934641e-05,3.4150942593175764e-05,178.2821987723198
110.94483889988624,6.426095962524414,45.22528839111328,-0.0025856043212115765,7.880159051767177e-05,3.4150942593175764e-05,178.3142870010405
118.54496970004402,6.40587043762207,45.22587966918945,-0.002585615497082472,7.88168588085868e-05,3.4150942593175764e-05,178.34313772009463
118.61165690002963,6.376331806182861,45.22671127319336,-0.0025856313295662403,7.883939647350402e-05,3.4150942593175764e-05,178.38547123257038
118.67837229999714,6.334294319152832,45.22785949707031,-0.002585653681308031,7.887142471003523e-05,3.4150942593175764e-05,178.44571350104988
118.74498769990169,6.282748222351074,45.22920608520508,-0.0025856809224933386,7.891073534812063e-05,3.4150942593175764e-05,178.51953418559938
118.81169359991327,6.223648548126221,45.23066711425781,-0.002585712354630232,7.895579113662711e-05,3.4150942593175764e-05,178.60420121055085
118.87833329988644,6.15871000289917,45.23217010498047,-0.0025857468135654926,7.900528932035718e-05,3.4150942593175764e-05,178.6972147266681
118.94509739987552,6.08912467956543,45.233665466308594,-0.0025857838336378336,7.905833751200049e-05,3.4150942593175764e-05,178.79690816779362
119.01179819996469,6.015894412994385,45.23509979248047,-0.0025858229491859674,7.911415405843855e-05,3.4150942593175764e-05,178.90179255268833
119.07840220001526,5.939815998077393,45.236454010009766,-0.0025858634617179632,7.91721331785045e-05,3.4150942593175764e-05,179.0107887114634
119.14506940008141,5.861534118652344,45.237693786621094,-0.0025859051384031773,7.923180588032725e-05,3.4150942593175764e-05,179.1229130968783
119.21177510009147,5.781497001647949,45.23880386352539,-0.002585947746410966,7.929282042000344e-05,3.4150942593175764e-05,179.23756465228615
119.2785366999451,5.700087070465088,45.23976135253906,-0.0025859910529106855,7.935485110873373e-05,3.4150942593175764e-05,179.3541696417966
119.34513469995,5.617608070373535,45.24055862426758,-0.0025860348250716925,7.941768950568646e-05,3.4150942593175764e-05,179.47229093330282
119.41177719994448,5.534302711486816,45.2411994934082,-0.0025860792957246304,7.948114019758204e-05,3.4150942593175764e-05,179.59161433810291
119.47833249997348,5.450325965881348,45.24166488647461,-0.002586123999208212,7.95451185053326e-05,3.4150942593175764e-05,179.71189396938686
119.54509659996256,5.365836143493652,45.24195098876953,-0.002586168935522437,7.960947461209046e-05,3.4150942593175764e-05,179.83291126110115
119.61174670001492,5.280946731567383,45.2420654296875,-0.002586214104667306,7.967414989387171e-05,3.4150942593175764e-05,179.95451594908405
119.67845020000823,5.195734024047852,45.24199676513672,-0.0025862595066428185,7.97390726991405e-05,3.4150942593175764e-05,-179.92339760722547
119.74499999987893,5.110276699066162,45.24174880981445,-0.0025863046757876873,7.980415834880897e-05,3.4150942593175764e-05,-179.80097329654217
119.81176119996235,5.024623394012451,45.24131393432617,-0.0025863507762551308,7.986941335665312e-05,3.4150942593175764e-05,-179.67831675942708
119.87840009992942,4.93881893157959,45.240692138671875,-0.0025863966438919306,7.993477258491306e-05,3.4150942593175764e-05,-179.5553870147452
119.94511400000192,4.852897644042969,45.23988723754883,-0.0025864425115287304,8.000021649226087e-05,3.4150942593175764e-05,-179.4322796851449
120.01177269988693,4.7668843269348145,45.238895416259766,-0.00258648837916553,8.006575159247248e-05,3.4150942593175764e-05,-179.3090494121395
120.07842299994081,4.68079948425293,45.23772048950195,-0.00258653424680233,8.013129320646008e-05,3.4150942593175764e-05,-179.1856961957291
120.14499900001101,4.59464693069458,45.236366271972656,-0.00258658011443913,8.018712929422612e-05,3.4150942593175764e-05,-179.080716188186
120.21168559999205,4.50856876373291,45.235164642333984,-0.0025866259820759296,8.008399016523786e-05,3.4150942593175764e-05,-179.2737919756439
120.2783317998983,4.423223495483398,45.234622955322266,-0.002586671384051442,7.981424818781381e-05,3.4150942593175764e-05,-179.77721789860885
120.34501689998433,4.337631702423096,45.23480987548828,-0.0025867170188575983,7.95769969250161e-05,3.4150942593175764e-05,179.7796494459534
120.41169609990902,4.251537799835205,45.235443115234375,-0.002586762886494398,7.944076781401065e-05,3.4150942593175764e-05,179.52458286158844
120.47835289989598,4.165246963500977,45.23630905151367,-0.002586808754131198,7.937474418059996e-05,3.4150942593175764e-05,179.4008881357195
120.54502369998954,4.078895092010498,45.23726272583008,-0.0025868546217679977,7.93536004637441e-05,3.4150942593175764e-05,179.36117741588504
120.61184710008092,3.9925270080566406,45.23821258544922,-0.0025869004894047976,7.936200974854414e-05,3.4150942593175764e-05,179.37698247362445
120.6783588998951,3.906158924102783,45.23909378051758,-0.0025869463570415974,7.939038375674628e-05,3.4150942593175764e-05,179.4303125906639
120.74516579997726,3.8197944164276123,45.2398681640625,-0.002586992224678397,7.94314726556763e-05,3.4150942593175764e-05,179.50756203017676
120.81178959994577,3.7333366870880127,45.24050521850586,-0.0025870383251458406,7.948113368380604e-05,3.4150942593175764e-05,179.6009170557525
120.87842749990523,3.6469781398773193,45.24099349975586,-0.0025870841927826405,7.953629233886936e-05,3.4150942593175764e-05,179.7045993273533
120.94506999989972,3.5606210231781006,45.24131774902344,-0.0025871300604194403,7.959509219470977e-05,3.4150942593175764e-05,179.81511178812409
121.0117625000421,3.47426438331604,45.24147033691406,-0.00258717592805624,7.965626957878566e-05,3.4150942593175764e-05,179.9300638718554
121.07843249989673,3.3879082202911377,45.2414436340332,-0.00258722179569304,7.971902981042653e-05,3.4150942593175764e-05,-179.95190681682112
121.14509469992481,3.30155086517334,45.241233825683594,-0.0025872676633298397,7.978281921867346e-05,3.4150942593175764e-05,-179.831941374239
121.21179149998352,3.2153313159942627,45.24076461791992,-0.0025873135309666395,7.989743562095193e-05,3.4150942593175764e-05,-179.61612105684492
121.27840599999763,3.130164384841919,45.23958206176758,-0.002587358932942152,8.020130978455119e-05,3.4150942593175764e-05,-179.04172946840356
121.34514359990135,3.045245409011841,45.23743438720703,-0.002587404102087021,8.053747273572118e-05,3.4150942593175764e-05,-178.40583885667536
121.4118103000801,2.959662437438965,45.234519958496094,-0.002587449736893177,8.078257961235999e-05,3.4150942593175764e-05,-177.94317550267704
121.47845320007764,2.873755693435669,45.23103332519531,-0.002587495604529977,8.096679571106636e-05,3.4150942593175764e-05,-177.59587404376023
121.5451466999948,2.7876973152160645,45.227108001708984,-0.0025875414721667767,8.111104328031259e-05,3.4150942593175764e-05,-177.32416911857712
121.61218719999306,2.7015645503997803,45.22283172607422,-0.00258758757263422,8.122806326593049e-05,3.4150942593175764e-05,-177.10385453670918
121.67847630009055,2.615351438522339,45.21829605102539,-0.00258763344027102,8.13018252652145e-05,3.4150942593175764e-05,-176.96510607390957
121.7451265999116,2.5292580127716064,45.21394729614258,-0.0025876793079078197,8.11828511468003e-05,3.4150942593175764e-05,-177.1877155993386
121.81179609987885,2.4431185722351074,45.209983825683594,-0.0025877251755446196,8.106362299112258e-05,3.4150942593175764e-05,-177.41093984179298
121.87844219990075,2.356829881668091,45.20620346069336,-0.0025877710431814194,8.100796928908421e-05,3.4150942593175764e-05,-177.51527781155406
121.94513219990768,2.270500898361206,45.20249557495117,-0.002587816910818219,8.099419265287036e-05,3.4150942593175764e-05,-177.54110958699505
122.01179619994946,2.1841719150543213,45.19876480102539,-0.002587862778455019,8.100750681098908e-05,3.4150942593175764e-05,-177.51609743425448
122.07844650000334,2.097856283187866,45.19495391845703,-0.002587908646091819,8.10388511010416e-05,3.4150942593175764e-05,-177.45718022247394
122.14512720005587,2.011556625366211,45.19103240966797,-0.0025879547465592623,8.10819006465439e-05,3.4150942593175764e-05,-177.376269801566
122.2118235998787,1.9252723455429077,45.18696975708008,-0.002588000614196062,8.113276672323135e-05,3.4150942593175764e-05,-177.28059251167244
122.27853089990094,1.8390023708343506,45.18275451660156,-0.002588046481832862,8.118878519672503e-05,3.4150942593175764e-05,-177.1753256361842
122.34511939994991,1.7527323961257935,45.17838668823242,-0.0025880923494696617,8.123828989423108e-05,3.4150942593175764e-05,-177.08221649741859
122.41197369992733,1.6665918827056885,45.17417907714844,-0.0025881382171064615,8.113411507486079e-05,3.4150942593175764e-05,-177.27724571897912
122.47850469988771,1.5812095403671265,45.17066192626953,-0.0025881838519126177,8.086120088853077e-05,3.4150942593175764e-05,-177.78653194425198
122.54514029994607,1.4955902099609375,45.167884826660156,-0.002588229486718774,8.061979383665294e-05,3.4150942593175764e-05,-178.23733808985114
122.61187310004607,1.409446120262146,45.16553497314453,-0.0025882753543555737,8.048357123942349e-05,3.4150942593175764e-05,-178.49228173081104
122.6785875998903,1.3229478597640991,45.16341018676758,-0.0025883212219923735,8.041664219115051e-05,3.4150942593175764e-05,-178.61773864548582
122.74524699989706,1.236566424369812,45.161380767822266,-0.0025883670896291733,8.039491874823174e-05,3.4150942593175764e-05,-178.65841925218243
122.8120347999502,1.1501797437667847,45.159339904785156,-0.002588412957265973,8.04036862907111e-05,3.4150942593175764e-05,-178.64187653401265
122.87859120010398,1.0638033151626587,45.15723419189453,-0.002588458824902773,8.043186488563361e-05,3.4150942593175764e-05,-178.58891524718837
122.9452539999038,0.977440595626831,45.15502166748047,-0.0025885046925395727,8.047300589477154e-05,3.4150942593175764e-05,-178.5115838454055
123.01195640000515,0.891090989112854,45.15267562866211,-0.002588550793007016,8.052251710605356e-05,3.4150942593175764e-05,-178.41850202739656
123.07859060005285,0.8047529458999634,45.15017318725586,-0.002588596660643816,8.057762365090898e-05,3.4150942593175764e-05,-178.31488805768748
123.14532919996418,0.718424916267395,45.14751052856445,-0.002588642528280616,8.063639093786944e-05,3.4150942593175764e-05,-178.20434827615998
123.21199629991315,0.6321060061454773,45.14467239379883,-0.0025886883959174156,8.069760089082527e-05,3.4150942593175764e-05,-178.08931423015864
123.27858210005797,0.5457953810691833,45.141658782958984,-0.0025887342635542154,8.076032855358621e-05,3.4150942593175764e-05,-177.97132954243583
123.34527059993707,0.45949289202690125,45.138465881347656,-0.0025887801311910152,8.08240984205052e-05,3.4150942593175764e-05,-177.85140508098874
123.41194140003063,0.37319856882095337,45.13508987426758,-0.002588825998827815,8.088855874767885e-05,3.4150942593175764e-05,-177.73018288359935
123.47859949991107,0.28691238164901733,45.13153076171875,-0.002588871866464615,8.095347503917164e-05,3.4150942593175764e-05,-177.60807276161788
123.54534150008112,0.2006043642759323,45.12784194946289,-0.0025889179669320583,8.098175785450996e-05,3.4150942593175764e-05,-177.55483826722678
123.61198489996605,0.11457587778568268,45.124481201171875,-0.002588963834568858,8.081783868178107e-05,3.4150942593175764e-05,-177.86140447793363
123.67862779996358,0.0294187068939209,45.121917724609375,-0.002589009003713727,8.051034937250867e-05,3.4150942593175764e-05,-178.4348261795129
123.74531479994766,-0.056096743792295456,45.12015151977539,-0.002589054638519883,8.024815686145428e-05,3.4150942593175764e-05,-178.9242092335443
123.811992400093,-0.14221136271953583,45.118865966796875,-0.002589100506156683,8.009783845298758e-05,3.4150942593175764e-05,-179.20544910280876
123.87869090004824,-0.22854113578796387,45.11784744262695,-0.0025891463737934828,8.002092378612555e-05,3.4150942593175764e-05,-179.34956609429602
123.94538859999739,-0.3150157630443573,45.1169319152832,-0.0025891922414302826,7.999251720904347e-05,3.4150942593175764e-05,-179.40285523020046
124.01205929997377,-0.40142253041267395,45.11602783203125,-0.002589238341897726,7.999662088791569e-05,3.4150942593175764e-05,-179.39512345606002
124.07868229993619,-0.48782116174697876,45.11506652832031,-0.002589284209534526,8.002194644895562e-05,3.4150942593175764e-05,-179.3475443583017
124.14547790004872,-0.5743364095687866,45.1140022277832,-0.0025893300771713257,8.006108772886533e-05,3.4150942593175764e-05,-179.27394223980562
124.2121464998927,-0.6607111096382141,45.11280822753906,-0.0025893759448081255,8.010946554312551e-05,3.4150942593175764e-05,-179.18303242195276
124.27878300007433,-0.7470760345458984,45.11145782470703,-0.0025894218124449253,8.01637383246545e-05,3.4150942593175764e-05,-179.08093475423942
124.34545310004614,-0.8334327340126038,45.10995101928711,-0.002589467680081725,8.022194542688004e-05,3.4150942593175764e-05,-178.97150146335747
124.41214679996483,-0.9197824597358704,45.1082763671875,-0.002589513547718525,8.02827645532766e-05,3.4150942593175764e-05,-178.85715043627312
124.47879229998216,-1.006127953529358,45.10641860961914,-0.0025895594153553247,8.034527074765397e-05,3.4150942593175764e-05,-178.73957555990052
124.5454480999615,-1.0924655199050903,45.10438537597656,-0.0025896052829921246,8.040892988038116e-05,3.4150942593175764e-05,-178.61989698526355
124.61215869989246,-1.1787976026535034,45.10216522216797,-0.002589651383459568,8.047329901469098e-05,3.4150942593175764e-05,-178.49886603317094
124.67880029999651,-1.265123963356018,45.099769592285156,-0.002589697251096368,8.05381436546479e-05,3.4150942593175764e-05,-178.3769061753512
124.74546299991198,-1.3514444828033447,45.09718704223633,-0.0025897431187331676,8.06033270109562e-05,3.4150942593175764e-05,-178.25435892126282
124.81218259991147,-1.4377589225769043,45.094417572021484,-0.0025897889863699675,8.066872532187207e-05,3.4150942593175764e-05,-178.13142917658092
124.87888249987736,-1.5240669250488281,45.09146499633789,-0.0025898348540067673,8.073426693585968e-05,3.4150942593175764e-05,-178.0082125639539
124.94547670008615,-1.610392689704895,45.08835220336914,-0.002589880721643567,8.077891235647895e-05,3.4150942593175764e-05,-177.92426953905445
125.01215979992412,-1.696524739265442,45.08548355102539,-0.002589926589280367,8.064304150315282e-05,3.4150942593175764e-05,-178.17844819882728
125.07881370000541,-1.7818336486816406,45.08334732055664,-0.0025899719912558794,8.035361489469414e-05,3.4150942593175764e-05,-178.71836099233846
125.14554239995778,-1.8674167394638062,45.08198547363281,-0.0025900176260620356,8.01012516716051e-05,3.4150942593175764e-05,-179.18954842242096
125.21218760008924,-1.9535658359527588,45.08108139038086,-0.0025900634936988354,7.995895172137918e-05,3.4150942593175764e-05,-179.4558711585381
125.27882170001976,-2.0399091243743896,45.08042907714844,-0.002590109361335635,7.988732624061912e-05,3.4150942593175764e-05,-179.59013901724222
125.34547260007821,-2.1263110637664795,45.079872131347656,-0.002590155228972435,7.986308848016912e-05,3.4150942593175764e-05,-179.6356007563578
125.41215569991618,-2.2127206325531006,45.079315185546875,-0.002590201096609235,7.986981069698836e-05,3.4150942593175764e-05,-179.62295124601496
125.47880779998377,-2.299121379852295,45.07868957519531,-0.0025902469642460346,7.98966083714015e-05,3.4150942593175764e-05,-179.5725581103186
125.54550500004552,-2.3855104446411133,45.07796096801758,-0.0025902928318828344,7.993668112127744e-05,3.4150942593175764e-05,-179.49722112377336
125.61225020000711,-2.471888303756714,45.07710266113281,-0.002590338932350278,7.99857103131364e-05,3.4150942593175764e-05,-179.40506821149154
125.67883850005455,-2.5582573413848877,45.076087951660156,-0.0025903847999870777,8.004041300388057e-05,3.4150942593175764e-05,-179.3022192229695
125.74550150008872,-2.6446187496185303,45.07490921020508,-0.0025904306676238775,8.009895882245746e-05,3.4150942593175764e-05,-179.1921575546839
125.81243789987639,-2.730973958969116,45.07356643676758,-0.0025904765352606773,8.015997987590964e-05,3.4150942593175764e-05,-179.07746501814105
125.87882429989986,-2.817323923110962,45.072044372558594,-0.002590522402897477,8.022264240091071e-05,3.4150942593175764e-05,-178.95968523609335
125.94546810002066,-2.9036684036254883,45.07033920288086,-0.002590568270534277,8.028636667139778e-05,3.4150942593175764e-05,-178.8398427369163
126.01216099993326,-2.9900081157684326,45.06845474243164,-0.0025906141381710768,8.03507879159155e-05,3.4150942593175764e-05,-178.71872982255366
126.07890999992378,-3.076350688934326,45.06638717651367,-0.0025906600058078766,8.041569769363231e-05,3.4150942593175764e-05,-178.5966743420855
126.14549609995447,-3.162694215774536,45.064144134521484,-0.00259070610627532,8.047107130330321e-05,3.4150942593175764e-05,-178.4925412779995
126.21216370002367,-3.2489070892333984,45.06206512451172,-0.00259075197391212,8.036461014856126e-05,3.4150942593175764e-05,-178.69180521684547
126.27882850007154,-3.334367275238037,45.0606575012207,-0.0025907973758876324,8.009422330731445e-05,3.4150942593175764e-05,-179.19647423423936
126.34551039990038,-3.4195501804351807,45.06013107299805,-0.002590842777863145,7.978655161231439e-05,3.4150942593175764e-05,-179.77025110565543
126.4121654999908,-3.5055534839630127,45.0601806640625,-0.0025908886454999447,7.960746836908627e-05,3.4150942593175764e-05,179.89479277498145
126.4788216999732,-3.591846466064453,45.06055450439453,-0.0025909345131367445,7.951139668704461e-05,3.4150942593175764e-05,179.71483095072998
126.54548779991455,-3.6782357692718506,45.06107711791992,-0.0025909803807735443,7.947110246878508e-05,3.4150942593175764e-05,179.6393163792663
126.61231480003335,-3.7646453380584717,45.0616340637207,-0.0025910264812409878,7.946731145116028e-05,3.4150942593175764e-05,179.63219932215114
126.67883490002714,-3.851050615310669,45.06215286254883,-0.0025910723488777876,7.948718498169856e-05,3.4150942593175764e-05,179.66957411728947
126.74549999996088,-3.937445878982544,45.06257629394531,-0.0025911182165145874,7.952287396033482e-05,3.4150942593175764e-05,179.73666023531732
126.81231869990006,-4.023830890655518,45.06287384033203,-0.002591164084151387,7.956891332901544e-05,3.4150942593175764e-05,179.8231987321014
126.87913920008577,-4.110208511352539,45.06303024291992,-0.002591209951788187,7.962164234563537e-05,3.4150942593175764e-05,179.92233209771496
126.94560740003362,-4.196579933166504,45.063026428222656,-0.002591255819424987,7.96788463263588e-05,3.4150942593175764e-05,-179.97015708228338
127.01249009999447,-4.282947063446045,45.0628547668457,-0.0025913016870617867,7.97390205889326e-05,3.4150942593175764e-05,-179.85698084773628
127.07885929988697,-4.36931037902832,45.06250762939453,-0.0025913475546985865,7.980109687409478e-05,3.4150942593175764e-05,-179.74025291482073
127.14572030003183,-4.4556708335876465,45.06198501586914,-0.0025913934223353863,7.986445637312652e-05,3.4150942593175764e-05,-179.62113441569574
127.21237910003401,-4.542028903961182,45.061279296875,-0.0025914395228028297,7.992863660793271e-05,3.4150942593175764e-05,-179.5004449730616
127.27886399999261,-4.628384113311768,45.06039047241211,-0.0025914853904396296,7.999337051369785e-05,3.4150942593175764e-05,-179.37869002091693
127.34585719997995,-4.714736461639404,45.0593147277832,-0.0025915312580764294,8.005848221847027e-05,3.4150942593175764e-05,-179.256320351747
127.41219910001382,-4.80108642578125,45.05805587768555,-0.002591577125713229,8.012376979519436e-05,3.4150942593175764e-05,-179.13347256933517
127.47890149988234,-4.887433052062988,45.056610107421875,-0.002591622993350029,8.018925278519808e-05,3.4150942593175764e-05,-179.01033791897817
127.54558879998513,-4.973806858062744,45.05503463745117,-0.002591668860986829,8.021699495712943e-05,3.4150942593175764e-05,-178.95811429258424
127.612615799997,-5.059861660003662,45.05377197265625,-0.0025917147286236286,8.005575294633146e-05,3.4150942593175764e-05,-179.25965348406197
127.67892979993485,-5.1454620361328125,45.05321502685547,-0.0025917603634297848,7.98037740360257e-05,3.4150942593175764e-05,-179.73015789522745
127.74554540007375,-5.231593132019043,45.053138732910156,-0.0025918062310665846,7.965503847512399e-05,3.4150942593175764e-05,179.99154923476385
127.81220540008508,-5.31793212890625,45.05331802368164,-0.0025918520987033844,7.957998674819443e-05,3.4150942593175764e-05,179.85084733786158
127.87882920005359,-5.404333591461182,45.05360794067383,-0.002591898199170828,7.9552811274774e-05,3.4150942593175764e-05,179.79990778703166
127.9458663999103,-5.490744113922119,45.05390167236328,-0.0025919440668076277,7.955771614809269e-05,3.4150942593175764e-05,179.80912854241117
128.01222350005992,-5.577147483825684,45.054134368896484,-0.0025919899344444275,7.958334134282807e-05,3.4150942593175764e-05,179.85724039492473
128.07885619997978,-5.663540363311768,45.05427169799805,-0.0025920358020812273,7.962273666000129e-05,3.4150942593175764e-05,179.93133428704104
128.14572219992988,-5.7499237060546875,45.05427551269531,-0.002592081669718027,7.967112098803746e-05,3.4150942593175764e-05,-179.97772493188376
128.21221549995244,-5.83629846572876,45.05413055419922,-0.002592127537354827,7.97255240450862e-05,3.4150942593175764e-05,-179.87547700000866
128.2789229999762,-5.92266845703125,45.05381774902344,-0.0025921734049916267,7.978380931262358e-05,3.4150942593175764e-05,-179.76582514307327
128.34565309993923,-6.009033203125,45.0533332824707,-0.0025922192726284266,7.984469357678004e-05,3.4150942593175764e-05,-179.65137849334053
128.41219569998793,-6.095393657684326,45.05267333984375,-0.0025922651402652264,7.99072453675893e-05,3.4150942593175764e-05,-179.53373531507626
128.47885320009664,-6.181751728057861,45.05183792114258,-0.00259231124073267,7.997089147276451e-05,3.4150942593175764e-05,-179.41404308006094
128.5456904999446,-6.268105983734131,45.050819396972656,-0.0025923571083694696,8.003527363462633e-05,3.4150942593175764e-05,-179.29298480721164
128.61221550009213,-6.354457378387451,45.04961395263672,-0.0025924029760062695,8.010013781591121e-05,3.4150942593175764e-05,-179.17098396825688
128.6788971000351,-6.440805435180664,45.04822540283203,-0.0025924488436430693,8.016532768599549e-05,3.4150942593175764e-05,-179.04840939341182
128.74551900010556,-6.5271501541137695,45.046653747558594,-0.002592494711279869,8.023072599691137e-05,3.4150942593175764e-05,-178.9254659883516
128.8121885000728,-6.613490581512451,45.04489517211914,-0.002592540578916669,8.0296254583347e-05,3.4150942593175764e-05,-178.80224937572456
128.87909530010074,-6.699827194213867,45.04295349121094,-0.0025925864465534687,8.036187436264647e-05,3.4150942593175764e-05,-178.6788824989358
128.9455283000134,-6.786159038543701,45.04082489013672,-0.0025926323141902685,8.042752671082585e-05,3.4150942593175764e-05,-178.55539267874195
129.0122595001012,-6.872485637664795,45.038509368896484,-0.002592678414657712,8.049324419676512e-05,3.4150942593175764e-05,-178.43180723589973
129.0791229000315,-6.958818435668945,45.03600311279297,-0.002592724282294512,8.055897471025638e-05,3.4150942593175764e-05,-178.30816715154418
129.14559450000525,-7.045134544372559,45.0333137512207,-0.0025927701499313116,8.062474430640354e-05,3.4150942593175764e-05,-178.1845270671886
129.21231410000473,-7.131470203399658,45.03062438964844,-0.0025928160175681114,8.058179898131705e-05,3.4150942593175764e-05,-178.26490473334133
129.27900339988992,-7.21730899810791,45.02845001220703,-0.0025928618852049112,8.037379457270383e-05,3.4150942593175764e-05,-178.6536244593851
129.34568260004744,-7.303585052490234,45.026756286621094,-0.002592907752841711,8.022430341378755e-05,3.4150942593175764e-05,-178.93333436627546
129.4124002000317,-7.389912128448486,45.02532196044922,-0.002592953620478511,8.014891948428262e-05,3.4150942593175764e-05,-179.07455535755463
129.4789996999316,-7.4763054847717285,45.02399444580078,-0.0025929994881153107,8.01215941940145e-05,3.4150942593175764e-05,-179.1258090970864
129.5456824998837,-7.56270694732666,45.02267074584961,-0.002593045588582754,8.012634273670948e-05,3.4150942593175764e-05,-179.11682056813865
129.61236079991795,-7.649098873138428,45.02128982543945,-0.002593091456219554,8.015207866563664e-05,3.4150942593175764e-05,-179.0684081873016
129.67904220009223,-7.73547887802124,45.01980209350586,-0.0025931373238563538,8.019141535882598e-05,3.4150942593175764e-05,-178.99439625745535
129.74566520005465,-7.821846961975098,45.0181884765625,-0.0025931831914931536,8.023987133839802e-05,3.4150942593175764e-05,-178.9032542131707
129.81263649999164,-7.908204078674316,45.01641845703125,-0.0025932290591299534,8.029428090922275e-05,3.4150942593175764e-05,-178.80095163978226
129.87904589995742,-7.994625568389893,45.01448440551758,-0.002593274926766753,8.035259874564007e-05,3.4150942593175764e-05,-178.69127246209018
129.94575720001012,-8.08096694946289,45.01238250732422,-0.002593320794403553,8.041343089958861e-05,3.4150942593175764e-05,-178.57689411424917
130.0123882999178,-8.1673002243042,45.010101318359375,-0.002593366662040353,8.047596966284591e-05,3.4150942593175764e-05,-178.45929191711988
130.0791352998931,-8.253626823425293,45.00764465332031,-0.0025934125296771526,8.053963530934907e-05,3.4150942593175764e-05,-178.33961334248292
130.14573030010797,-8.339946746826172,45.0050048828125,-0.002593458630144596,8.060400444365892e-05,3.4150942593175764e-05,-178.21855506963362
130.21273500006646,-8.426260948181152,45.00218200683594,-0.002593504497781396,8.066888165249578e-05,3.4150942593175764e-05,-178.09658155143552
130.27913690009154,-8.512664794921875,44.999168395996094,-0.0025935503654181957,8.073413666033994e-05,3.4150942593175764e-05,-177.97387037280708
130.34583880007267,-8.59896469116211,44.995975494384766,-0.0025935962330549955,8.079949588859987e-05,3.4150942593175764e-05,-177.85092696774686
130.41250799992122,-8.685256958007812,44.99259567260742,-0.0025936421006917953,8.08650375025875e-05,3.4150942593175764e-05,-177.7277103551198
130.47916750004515,-8.7715425491333,44.98903274536133,-0.002593687968328595,8.093063774055898e-05,3.4150942593175764e-05,-177.60431615757437
130.54581409995444,-8.857818603515625,44.98528289794922,-0.002593733835965395,8.099630311629035e-05,3.4150942593175764e-05,-177.48085365813722
130.6125423000194,-8.944087028503418,44.981346130371094,-0.002593779703602195,8.106202711600561e-05,3.4150942593175764e-05,-177.35725455491666
130.67914499994367,-9.030346870422363,44.97722625732422,-0.0025938258040696383,8.112777065704883e-05,3.4150942593175764e-05,-177.23362813093942
130.74605980003253,-9.116598129272461,44.97291946411133,-0.002593871671706438,8.119353373942003e-05,3.4150942593175764e-05,-177.10998804658385
130.81272970000282,-9.202868461608887,44.96847152709961,-0.002593917539343238,8.122657161122932e-05,3.4150942593175764e-05,-177.04780600438005
130.87913069990464,-9.288862228393555,44.964324951171875,-0.0025939634069800377,8.107396686739096e-05,3.4150942593175764e-05,-177.3332669305516
130.9460450001061,-9.374722480773926,44.96075439453125,-0.0025940092746168375,8.088037093126237e-05,3.4150942593175764e-05,-177.69511669240052
131.01282049994916,-9.46093463897705,44.957523345947266,-0.0025940551422536373,8.077569455114105e-05,3.4150942593175764e-05,-177.8911841027149
131.0791607000865,-9.547270774841309,44.95445251464844,-0.002594101009890437,8.072897774975772e-05,3.4150942593175764e-05,-177.97878810900949
131.1460444999393,-9.633627891540527,44.95142364501953,-0.002594146877527237,8.072053589607774e-05,3.4150942593175764e-05,-177.9945931667489
131.21269589988515,-9.719982147216797,44.948368072509766,-0.0025941929779946804,8.073798630194862e-05,3.4150942593175764e-05,-177.9618355794895
131.27929289988242,-9.80633544921875,44.945228576660156,-0.0025942388456314802,8.077185142330835e-05,3.4150942593175764e-05,-177.89815089566832
131.34597650007345,-9.892661094665527,44.94196701049805,-0.00259428471326828,8.081681601895101e-05,3.4150942593175764e-05,-177.81355217260852
131.4126510999631,-9.978972434997559,44.93855667114258,-0.00259433058090508,8.086888714419618e-05,3.4150942593175764e-05,-177.71570288255893
131.4793789999094,-10.06527042388916,44.934993743896484,-0.0025943764485418797,8.092566121570442e-05,3.4150942593175764e-05,-177.60893336545328
131.54610279994085,-10.151557922363281,44.9312629699707,-0.0025944223161786795,8.098545116549495e-05,3.4150942593175764e-05,-177.49650845171487
131.61251139990054,-10.23779582977295,44.927337646484375,-0.0025944681838154793,8.106567483055869e-05,3.4150942593175764e-05,-177.34554761067926
131.6793732000515,-10.323256492614746,44.92288589477539,-0.0025945138186216354,8.131497657893354e-05,3.4150942593175764e-05,-176.87481097308196
131.74587409989908,-10.407649040222168,44.91749572753906,-0.002594559220597148,8.168790979555373e-05,3.4150942593175764e-05,-176.1687879789561
131.8125396000687,-10.492706298828125,44.91115951538086,-0.002594604389742017,8.197991585930353e-05,3.4150942593175764e-05,-175.61692235439742
131.8792125999462,-10.578227043151855,44.90413284301758,-0.0025946502573788166,8.219635560782073e-05,3.4150942593175764e-05,-175.20854534392234
131.94585280003957,-10.663966178894043,44.89659118652344,-0.0025946961250156164,8.236083496528457e-05,3.4150942593175764e-05,-174.89852305749545
132.0125291000586,-10.749554634094238,44.88858413696289,-0.00259474222548306,8.254505757776693e-05,3.4150942593175764e-05,-174.55118061744363
132.07927859993652,-10.833908081054688,44.87983703613281,-0.002594787161797285,8.28905026597193e-05,3.4150942593175764e-05,-173.89746321198172
132.145833699964,-10.917367935180664,44.87002182006836,-0.0025948318652808666,8.330722799230436e-05,3.4150942593175764e-05,-173.10759281560476
132.21262010000646,-11.001827239990234,44.85914611816406,-0.0025948770344257355,8.361546638581536e-05,3.4150942593175764e-05,-172.5247454529709
132.27917440002784,-11.08677864074707,44.84749984741211,-0.002594923134893179,8.384289487442371e-05,3.4150942593175764e-05,-172.09548172401392
132.3459479000885,-11.171204566955566,44.8351936340332,-0.0025949685368686914,8.412948799032777e-05,3.4150942593175764e-05,-171.55371111904853
132.4126059000846,-11.254108428955078,44.8220100402832,-0.002595013240352273,8.455285086064426e-05,3.4150942593175764e-05,-170.75104094816697
132.4792106000241,-11.337071418762207,44.80762481689453,-0.002595058409497142,8.495474432530549e-05,3.4150942593175764e-05,-169.98933825192717
132.545915100025,-11.420969009399414,44.79217529296875,-0.0025951035786420107,8.524476368737905e-05,3.4150942593175764e-05,-169.44107896725023
132.6126373000443,-11.505250930786133,44.77599334716797,-0.0025951494462788105,8.545903434849239e-05,3.4150942593175764e-05,-169.03671810800714
132.67921239999123,-11.589679718017578,44.75927734375,-0.0025951953139156103,8.562332480645257e-05,3.4150942593175764e-05,-168.72703733103876
132.7458858001046,-11.67415714263916,44.74214553833008,-0.0025952414143830538,8.575431032778797e-05,3.4150942593175764e-05,-168.4803035774612
132.8125273999758,-11.758637428283691,44.72468948364258,-0.0025952872820198536,8.586265396379035e-05,3.4150942593175764e-05,-168.27627216657459
132.87923970003612,-11.843096733093262,44.70695877075195,-0.0025953331496566534,8.595655655842812e-05,3.4150942593175764e-05,-168.09950687085467
132.94585909997113,-11.927526473999023,44.68898010253906,-0.002595379017293453,8.604092949879599e-05,3.4150942593175764e-05,-167.94073229340853
133.01254549995065,-12.011921882629395,44.670780181884766,-0.002595424884930253,8.611882774583214e-05,3.4150942593175764e-05,-167.79414277344173
133.0791545000393,-12.096280097961426,44.65237045288086,-0.002595470752567053,8.619262231399609e-05,3.4150942593175764e-05,-167.65533966912872
133.1458030999638,-12.180601119995117,44.633758544921875,-0.0025955166202038527,8.626362247226133e-05,3.4150942593175764e-05,-167.5217548293416
133.21250030002557,-12.264881134033203,44.614959716796875,-0.0025955624878406525,8.633286391100992e-05,3.4150942593175764e-05,-167.39153044262616
133.27916150004603,-12.349122047424316,44.59596633911133,-0.002595608588308096,8.640090681497679e-05,3.4150942593175764e-05,-167.26350537682345
133.3458593999967,-12.432997703552246,44.57670974731445,-0.0025956544559448957,8.655860533163747e-05,3.4150942593175764e-05,-166.96607795922606
133.41260339994915,-12.515528678894043,44.55690383911133,-0.0025956996250897646,8.689678755336363e-05,3.4150942593175764e-05,-166.32592530945578
133.47923370008357,-12.597757339477539,44.5361328125,-0.002595745027065277,8.724242153481963e-05,3.4150942593175764e-05,-165.67162050772527
133.5458496999927,-12.680548667907715,44.51441955566406,-0.0025957906618714333,8.749402264611812e-05,3.4150942593175764e-05,-165.1963213037624
133.61249119997956,-12.763547897338867,44.49205780029297,-0.002595836529508233,8.768260297473619e-05,3.4150942593175764e-05,-164.8405913914098
133.67920559993945,-12.84660530090332,44.46922302246094,-0.002595882397145033,8.782972963296897e-05,3.4150942593175764e-05,-164.5633266922423
133.74584030010737,-12.929657936096191,44.44602584838867,-0.0025959282647818327,8.794902944018253e-05,3.4150942593175764e-05,-164.33862712892721
133.8126854998991,-13.012343406677246,44.4224853515625,-0.0025959741324186325,8.812847094108998e-05,3.4150942593175764e-05,-164.0000956329047
133.87924559996463,-13.093816757202148,44.398406982421875,-0.002596019534394145,8.845994397354885e-05,3.4150942593175764e-05,-163.3726881161257
133.94584650010802,-13.175490379333496,44.37339401245117,-0.002596064703539014,8.87356460560016e-05,3.4150942593175764e-05,-162.8516129843454
134.01258490001783,-13.257413864135742,44.3476448059082,-0.0025961105711758137,8.894031541130914e-05,3.4150942593175764e-05,-162.46537944715953
134.0791823999025,-13.339405059814453,44.321380615234375,-0.0025961564388126135,8.90981897999215e-05,3.4150942593175764e-05,-162.16778810502205
134.14590310002677,-13.421390533447266,44.29471969604492,-0.002596202539280057,8.922449843009777e-05,3.4150942593175764e-05,-161.92986529547383
134.2125319999177,-13.503335952758789,44.26774215698242,-0.0025962484069168568,8.933028215213701e-05,3.4150942593175764e-05,-161.7306696585196
134.27915699989535,-13.58522891998291,44.240501403808594,-0.0025962942745536566,8.94223348343943e-05,3.4150942593175764e-05,-161.55734677814135
134.34599309996702,-13.667064666748047,44.21302032470703,-0.0025963401421904564,8.950547015732451e-05,3.4150942593175764e-05,-161.4008808046347
134.41259950003587,-13.74879264831543,44.18532180786133,-0.002596386009827256,8.960091000309538e-05,3.4150942593175764e-05,-161.22120584832834
134.47938219993375,-13.829586029052734,44.157310485839844,-0.0025964316446334124,8.985974140574013e-05,3.4150942593175764e-05,-160.73204136035037
134.54632589989342,-13.909092903137207,44.12867736816406,-0.0025964765809476376,9.023651123641703e-05,3.4150942593175764e-05,-160.0180680260306
134.61251419992186,-13.988997459411621,44.09893798828125,-0.00259652198292315,9.053239951065547e-05,3.4150942593175764e-05,-159.45836134430473
134.6795504000038,-14.068692207336426,44.06845474243164,-0.002596567152068019,9.081905776431941e-05,3.4150942593175764e-05,-158.9163448525292
134.74590389989316,-14.146934509277344,44.03739547729492,-0.0025966118555516005,9.12236609597915e-05,3.4150942593175764e-05,-158.1489867596566
134.81249890010804,-14.225539207458496,44.00510787963867,-0.002596657257527113,9.15518575629286e-05,3.4150942593175764e-05,-157.52775373388727
134.87930279993452,-14.303990364074707,43.97197723388672,-0.002596702426671982,9.185930127576909e-05,3.4150942593175764e-05,-156.9459992015206
134.9459820999764,-14.380839347839355,43.93832778930664,-0.0025967471301555634,9.22863444295186e-05,3.4150942593175764e-05,-156.13565189801193
135.01260169991292,-14.457895278930664,43.903377532958984,-0.002596792299300432,9.265140249096973e-05,3.4150942593175764e-05,-155.44391765962973
135.07931370008737,-14.535408973693848,43.86732864379883,-0.0025968379341065884,9.29176074880325e-05,3.4150942593175764e-05,-154.94077860460993
135.14612929988652,-14.61304759979248,43.83055114746094,-0.002596883801743388,9.311575003980044e-05,3.4150942593175764e-05,-154.56688038906506
135.21258189994842,-14.690673828125,43.79326629638672,-0.002596929669380188,9.326879120662997e-05,3.4150942593175764e-05,-154.27841417965877
135.27918089996092,-14.768233299255371,43.7556037902832,-0.002596975537016988,9.339233148201151e-05,3.4150942593175764e-05,-154.04579159690644
135.34581530001014,-14.845711708068848,43.71764373779297,-0.0025970214046537876,9.349599822685476e-05,3.4150942593175764e-05,-153.8505847904275
135.4125900999643,-14.923100471496582,43.6794319152832,-0.0025970672722905874,9.358667650237866e-05,3.4150942593175764e-05,-153.67993934420392
135.47916149999946,-15.000389099121094,43.64099884033203,-0.0025971131399273872,9.367340742965406e-05,3.4150942593175764e-05,-153.51679344568896
135.5458374998998,-15.076930046081543,43.60238265991211,-0.0025971587747335434,9.38965693949905e-05,3.4150942593175764e-05,-153.09535711352086
135.6125093998853,-15.15183162689209,43.56349563598633,-0.0025972037110477686,9.428148144565195e-05,3.4150942593175764e-05,-152.36544211767827
135.6796011000406,-15.226303100585938,43.52358627319336,-0.0025972488801926374,9.465782788088968e-05,3.4150942593175764e-05,-151.65197421735706
135.74581360002048,-15.301136016845703,43.48252487182617,-0.0025972940493375063,9.49416982384309e-05,3.4150942593175764e-05,-151.11508036745906
135.81285020010546,-15.374853134155273,43.441009521484375,-0.0025973389856517315,9.530701685092156e-05,3.4150942593175764e-05,-150.4225128459981
135.87915039993823,-15.447041511535645,43.39896011352539,-0.002597383689135313,9.576097492705198e-05,3.4150942593175764e-05,-149.56003753874393
135.9460008998867,-15.519648551940918,43.35539627075195,-0.002597428858280182,9.611987095641881e-05,3.4150942593175764e-05,-148.87976435778899
136.01249339990318,-15.592564582824707,43.310707092285156,-0.002597474493086338,9.638159447560208e-05,3.4150942593175764e-05,-148.38488983166488
136.07921150000766,-15.664896965026855,43.26549530029297,-0.0025975198950618505,9.667038273401398e-05,3.4150942593175764e-05,-147.8383517546588
136.14582569990307,-15.735485076904297,43.22008514404297,-0.002597564598545432,9.709429276151344e-05,3.4150942593175764e-05,-147.03338664021612
136.2127410999965,-15.805412292480469,43.17365264892578,-0.0025976093020290136,9.751690003381535e-05,3.4150942593175764e-05,-146.23086673349627
136.27919559995644,-15.875869750976562,43.12575149536133,-0.002597654704004526,9.781997300296813e-05,3.4150942593175764e-05,-145.65711718283688
136.3458602000028,-15.946406364440918,43.07696533203125,-0.002597700571641326,9.804417065868663e-05,3.4150942593175764e-05,-145.23365911467442
136.4125188998878,-16.016876220703125,43.02759552001953,-0.0025977464392781258,9.821433654258765e-05,3.4150942593175764e-05,-144.91259924254882
136.47920190007426,-16.087228775024414,42.977821350097656,-0.0025977923069149256,9.834921730196367e-05,3.4150942593175764e-05,-144.65832496012757
136.54582390002906,-16.157451629638672,42.927734375,-0.0025978381745517254,9.846013387948117e-05,3.4150942593175764e-05,-144.44940313379522
136.6129520998802,-16.2275447845459,42.87739181518555,-0.002597884275019169,9.855574959720368e-05,3.4150942593175764e-05,-144.26941398878705
136.67916600010358,-16.29749870300293,42.82683563232422,-0.0025979301426559687,9.864571135736894e-05,3.4150942593175764e-05,-144.10005261812742
136.7462998998817,-16.36667823791504,42.77621078491211,-0.002597975777462125,9.887158305351624e-05,3.4150942593175764e-05,-143.6732340968933
136.8125674999319,-16.434268951416016,42.725547790527344,-0.00259802071377635,9.925021582412562e-05,3.4150942593175764e-05,-142.9550123849098
136.8792032999918,-16.501747131347656,42.67374801635742,-0.002598065882921219,9.956832910203388e-05,3.4150942593175764e-05,-142.35254871897965
136.94589630002156,-16.568708419799805,42.62127685546875,-0.0025981112848967314,9.988538714823212e-05,3.4150942593175764e-05,-141.75210678904384
137.01259749988094,-16.633913040161133,42.56874084472656,-0.002598155988380313,0.0001003240248232396,3.4150942593175764e-05,-140.9185641631138
137.07928450009786,-16.69892120361328,42.51487731933594,-0.002598200924694538,0.00010070631833595405,3.4150942593175764e-05,-140.1932117336368
137.14605109998956,-16.76414680480957,42.45973587036133,-0.0025982463266700506,0.00010098298445725294,3.4150942593175764e-05,-139.66978701678204
137.2125196000561,-16.82931900024414,42.40382385253906,-0.0025982921943068504,0.00010118835730036716,3.4150942593175764e-05,-139.28198253608707
137.2792281000875,-16.89434814453125,42.3474006652832,-0.0025983380619436502,0.00010134670068085065,3.4150942593175764e-05,-138.9833393448174
137.34595340001397,-16.95921516418457,42.29061508178711,-0.00259838392958045,0.00010147297674214697,3.4150942593175764e-05,-138.74536189375584
137.41251359996386,-17.023923873901367,42.23355484008789,-0.00259842979721725,0.00010157873440908226,3.4150942593175764e-05,-138.54611161528823
137.4792076998856,-17.088476181030273,42.17626953125,-0.0025984756648540497,0.00010167094993573922,3.4150942593175764e-05,-138.37252918772154
137.54603470000438,-17.152883529663086,42.11879348754883,-0.002598521765321493,0.00010175408525866944,3.4150942593175764e-05,-138.21603589345818
137.61252099997364,-17.217147827148438,42.06114196777344,-0.002598567632958293,0.00010183307782007153,3.4150942593175764e-05,-138.06735633560535
137.6791658999864,-17.28076934814453,42.003475189208984,-0.0025986130349338055,0.00010203189780454219,3.4150942593175764e-05,-137.69180521428137
137.7459024998825,-17.342819213867188,41.94599151611328,-0.0025986582040786743,0.00010239879275082185,3.4150942593175764e-05,-136.9958225982354
137.81272560008802,-17.40450096130371,41.88750076293945,-0.002598703373223543,0.00010272373246596512,3.4150942593175764e-05,-136.38012202569377
137.87921379995532,-17.46614646911621,41.82802963256836,-0.0025987490080296993,0.00010296579089544171,3.4150942593175764e-05,-135.922622294708
137.94591960008256,-17.526777267456055,41.7684211730957,-0.002598794410005212,0.00010328676372100853,3.4150942593175764e-05,-135.31446225101004
138.0127868000418,-17.58567237854004,41.708900451660156,-0.0025988391134887934,0.00010372590947054307,3.4150942593175764e-05,-134.47952626648936
138.07930080010556,-17.644437789916992,41.64794158935547,-0.0025988840498030186,0.00010408519632646915,3.4150942593175764e-05,-133.7979143684571
138.14584270003252,-17.702993392944336,41.58598709106445,-0.002598929451778531,0.0001043826544207206,3.4150942593175764e-05,-133.2347106298762
138.21266379998997,-17.759984970092773,41.52415084838867,-0.0025989741552621126,0.00010479289854619799,3.4150942593175764e-05,-132.45539970595607
138.27942060003988,-17.81535530090332,41.46215057373047,-0.002599018160253763,0.00010527482026264333,3.4150942593175764e-05,-131.53792771550496
138.34584169997834,-17.870746612548828,41.39839172363281,-0.0025990630965679884,0.00010565306872046945,3.4150942593175764e-05,-130.8198699280615
138.4125673000235,-17.925949096679688,41.33351135253906,-0.002599108498543501,0.00010595806325353857,3.4150942593175764e-05,-130.2421315469268
138.47918889997527,-17.979644775390625,41.268768310546875,-0.0025991532020270824,0.00010636714141311418,3.4150942593175764e-05,-129.46478771748767
138.54583709989674,-18.03150749206543,41.20417404174805,-0.002599197207018733,0.00010686650050787842,3.4150942593175764e-05,-128.51335602648322
138.6125729000196,-18.081581115722656,41.139442443847656,-0.0025992407463490963,0.00010742186504858437,3.4150942593175764e-05,-127.45332432767557
138.67926559993066,-18.13149070739746,41.07265853881836,-0.002599285217002034,0.00010788468186005798,3.4150942593175764e-05,-126.57229822663562
138.74582480010577,-18.181442260742188,41.00408935546875,-0.002599330386146903,0.00010822840079137362,3.4150942593175764e-05,-125.92034300997956
138.81251650000922,-18.23015785217285,40.93544387817383,-0.002599375555291772,0.00010863158398368041,3.4150942593175764e-05,-125.1541870304009
138.87922069989145,-18.27776527404785,40.866275787353516,-0.0025994202587753534,0.00010905122097413197,3.4150942593175764e-05,-124.35639361458674
138.94583919993602,-18.325292587280273,40.79558181762695,-0.0025994654279202223,0.00010935523844080296,3.4150942593175764e-05,-123.78040376187957
139.01255270000547,-18.372577667236328,40.724021911621094,-0.002599511295557022,0.00010957793141426832,3.4150942593175764e-05,-123.35945920333168
139.07922589988448,-18.419584274291992,40.65195083618164,-0.0025995573960244656,0.0001097478628022338,3.4150942593175764e-05,-123.03878182179957
139.145928400103,-18.466346740722656,40.57951354980469,-0.0025996032636612654,0.00010988229411106665,3.4150942593175764e-05,-122.78535448283542
139.21261040004902,-18.512874603271484,40.5068359375,-0.002599649131298065,0.00010999317160592821,3.4150942593175764e-05,-122.57650095839477
139.27943599992432,-18.559165954589844,40.43400573730469,-0.002599694998934865,0.00011008845512107537,3.4150942593175764e-05,-122.39703090776352
139.34606279991567,-18.605260848999023,40.36102294921875,-0.002599740866571665,0.0001101737465038575,3.4150942593175764e-05,-122.2364121792415
139.41267059999518,-18.650798797607422,40.28814697265625,-0.0025997867342084646,0.00011035906343070576,3.4150942593175764e-05,-121.88637864465669
139.47922370000742,-18.69491195678711,40.21586608886719,-0.00259983167052269,0.00011071646129159545,3.4150942593175764e-05,-121.20807255818272
139.54589889990166,-18.73845863342285,40.14269256591797,-0.0025998770724982023,0.00011102495372236994,3.4150942593175764e-05,-120.62340836522964
139.6125846998766,-18.78171157836914,40.06865692138672,-0.002599922940135002,0.00011125177642981146,3.4150942593175764e-05,-120.19463640989291
139.6792558999732,-18.824657440185547,39.99410629272461,-0.002599968807771802,0.00011142372708833311,3.4150942593175764e-05,-119.87007948091224
139.7460278000217,-18.86732292175293,39.91923141479492,-0.0026000146754086018,0.00011155983895137077,3.4150942593175764e-05,-119.6134829341732
139.8125752999913,-18.909332275390625,39.84445571899414,-0.002600060310214758,0.0001117779071438849,3.4150942593175764e-05,-119.20119905549288
139.87924010003917,-18.94986915588379,39.770355224609375,-0.002600105246528983,0.00011215566706851193,3.4150942593175764e-05,-118.48363304166969
139.9458886999637,-18.98917579650879,39.69605255126953,-0.002600150415673852,0.00011256762431707407,3.4150942593175764e-05,-117.70019668349089
140.01263040001504,-19.02821922302246,39.62028884887695,-0.002600195584818721,0.00011286633305631514,3.4150942593175764e-05,-117.1340969447019
140.0792300000321,-19.06681251525879,39.543853759765625,-0.002600241219624877,0.00011311244956823203,3.4150942593175764e-05,-116.66840098671209
140.14599839993753,-19.104114532470703,39.46792984008789,-0.002600286155939102,0.00011347802873176218,3.4150942593175764e-05,-115.97412591795863
140.21258549997583,-19.139753341674805,39.39258575439453,-0.00260033062659204,0.00011394427178940529,3.4150942593175764e-05,-115.08581883526344
140.2792799999006,-19.174821853637695,39.31574630737305,-0.0026003755629062653,0.00011432227923751985,3.4150942593175764e-05,-114.36758346290159
140.34599229996093,-19.209531784057617,39.23767852783203,-0.0026004209648817778,0.00011459494590036234,3.4150942593175764e-05,-113.85120067108112
140.41256590001285,-19.24382781982422,39.15898513793945,-0.0026004668325185776,0.0001148063049036092,3.4150942593175764e-05,-113.45170290652706
140.47931899991818,-19.27711296081543,39.08066940307617,-0.00260051223449409,0.00011511896615101578,3.4150942593175764e-05,-112.8587195431649
140.5458921000827,-19.30888557434082,39.00302505493164,-0.0026005569379776716,0.00011554607444252516,3.4150942593175764e-05,-112.04580408852831
140.6125709998887,-19.34003257751465,38.92412567138672,-0.0026006021071225405,0.0001158895849330092,3.4150942593175764e-05,-111.39368494733219
140.6792597998865,-19.37074089050293,38.84423828125,-0.0026006477419286966,0.0001161411730167557,3.4150942593175764e-05,-110.91752513953392
140.7458850000985,-19.40104866027832,38.76380157470703,-0.0026006936095654964,0.000116329642611182,3.4150942593175764e-05,-110.56153567999286
140.81259609991685,-19.43083953857422,38.683250427246094,-0.0026007394772022963,0.00011652899021150766,3.4150942593175764e-05,-110.18475512461826
140.879254499916,-19.459402084350586,38.60346221923828,-0.002600784646347165,0.00011688318329461142,3.4150942593175764e-05,-109.51215907629043
140.9459319000598,-19.486724853515625,38.52378845214844,-0.0026008295826613903,0.00011728174821974296,3.4150942593175764e-05,-108.75420615390495
141.01261410000734,-19.513561248779297,38.44280242919922,-0.002600874751806259,0.00011756993069698801,3.4150942593175764e-05,-108.20805739768157
141.07928350009024,-19.539934158325195,38.36113357543945,-0.0026009208522737026,0.00011778388218307795,3.4150942593175764e-05,-107.80353261389838
141.14594789990224,-19.565914154052734,38.279075622558594,-0.0026009667199105024,0.00011794731282260778,3.4150942593175764e-05,-107.49506078041311
141.2126557000447,-19.591411590576172,38.19697570800781,-0.0026010125875473022,0.00011813029781765248,3.4150942593175764e-05,-107.14942588765378
141.27938500000164,-19.615753173828125,38.11573028564453,-0.0026010575238615274,0.0001184739776663122,3.4150942593175764e-05,-106.49677399170237
141.34603019990027,-19.63860511779785,38.03530502319336,-0.002601102227345109,0.00011892194306853399,3.4150942593175764e-05,-105.64339649642264
141.4127275000792,-19.660690307617188,37.95355987548828,-0.002601147163659334,0.00011927973175598292,3.4150942593175764e-05,-104.96373120230385
141.47936820005998,-19.682222366333008,37.87079620361328,-0.0026011927984654903,0.00011954103839350298,3.4150942593175764e-05,-104.46881569504473
141.54604830010794,-19.70328140258789,37.78749465942383,-0.00260123866610229,0.0001197360869016768,3.4150942593175764e-05,-104.10038846102505
141.61260810005479,-19.72394371032715,37.70388412475586,-0.00260128453373909,0.00011988705017396627,3.4150942593175764e-05,-103.81556957263554
141.67929330002517,-19.744277954101562,37.620094299316406,-0.0026013306342065334,0.00012000918347373446,3.4150942593175764e-05,-103.5853443862819
141.74592959997244,-19.76432991027832,37.53617858886719,-0.0026013765018433332,0.00012011193177616347,3.4150942593175764e-05,-103.39172218369039
141.81261259992607,-19.78413200378418,37.452171325683594,-0.002601422369480133,0.00012020200427052051,3.4150942593175764e-05,-103.22211492622063
141.87926140008494,-19.803707122802734,37.36809158325195,-0.002601468237116933,0.00012028377821426931,3.4150942593175764e-05,-103.06810782081517
141.9459112000186,-19.8229923248291,37.28403854370117,-0.0026015141047537327,0.00012039748268790952,3.4150942593175764e-05,-102.85376965447101
142.01258770003915,-19.84137725830078,37.2008056640625,-0.002601559506729245,0.00012069273912587714,3.4150942593175764e-05,-102.29396051990759
142.07926549995318,-19.85857582092285,37.11808395385742,-0.0026016044430434704,0.00012106866216567566,3.4150942593175764e-05,-101.57932465723833
142.1459140998777,-19.8751277923584,37.0343017578125,-0.0026016496121883392,0.00012134627929826876,3.4150942593175764e-05,-101.05331812887731
142.21259139990434,-19.891149520874023,36.949947357177734,-0.0026016957126557827,0.00012155229700520575,3.4150942593175764e-05,-100.66382659145734
142.2792454001028,-19.906742095947266,36.86527633666992,-0.0026017415802925825,0.00012171110286378434,3.4150942593175764e-05,-100.36407690954215
142.34590999991633,-19.92184066772461,36.78066635131836,-0.0026017874479293823,0.000121897800711142,3.4150942593175764e-05,-100.01122250683012
142.4125906000845,-19.935869216918945,36.69709777832031,-0.0026018323842436075,0.0001222487629613559,3.4150942593175764e-05,-99.34446627024266
142.4792714000214,-19.948867797851562,36.61337661743164,-0.0026018773205578327,0.00012260233072196487,3.4150942593175764e-05,-98.67266935404771
142.54591390001588,-19.961217880249023,36.52872085571289,-0.002601922955363989,0.0001228584263386948,3.4150942593175764e-05,-98.1875893191934
142.6126117000822,-19.97304344177246,36.443599700927734,-0.0026019688230007887,0.00012305079117116172,3.4150942593175764e-05,-97.8240456704303
142.67926490004174,-19.984445571899414,36.35823059082031,-0.0026020146906375885,0.00012320051682601353,3.4150942593175764e-05,-97.5415422161694
142.74593569990247,-19.99550437927246,36.27271270751953,-0.002602060791105032,0.0001233211389297526,3.4150942593175764e-05,-97.31414472813218
142.81259380001575,-20.006269454956055,36.18710708618164,-0.0026021066587418318,0.000123423144661719,3.4150942593175764e-05,-97.12195003507718
142.87925949995406,-20.016780853271484,36.1014404296875,-0.0026021525263786316,0.0001235128263295168,3.4150942593175764e-05,-96.95299164557858
142.9459235998802,-20.027057647705078,36.01572799682617,-0.0026021983940154314,0.000123594378804882,3.4150942593175764e-05,-96.79939435152333
143.01259539998136,-20.03711700439453,35.92997360229492,-0.002602244261652231,0.0001236704206257617,3.4150942593175764e-05,-96.65620626576319
143.07925599999726,-20.046972274780273,35.84419250488281,-0.002602290129289031,0.00012374293198005607,3.4150942593175764e-05,-96.51962297293045
143.14592520007864,-20.05662727355957,35.758384704589844,-0.002602335996925831,0.00012381313745765083,3.4150942593175764e-05,-96.38749296343654
143.212605800014,-20.066089630126953,35.672550201416016,-0.0026023818645626307,0.0001238817926565605,3.4150942593175764e-05,-96.25823163339406
143.27926289988682,-20.075361251831055,35.58669662475586,-0.0026024277321994305,0.00012394944473396812,3.4150942593175764e-05,-96.13090324688667
143.34591730008833,-20.084442138671875,35.500816345214844,-0.002602473832666874,0.000124016432406225,3.4150942593175764e-05,-96.00478380386238
143.41260450007394,-20.093334197998047,35.4149169921875,-0.0026025197003036737,0.00012408297714171468,3.4150942593175764e-05,-95.87951813448436
143.47931229998358,-20.102041244506836,35.329002380371094,-0.0026025655679404736,0.00012414927435371685,3.4150942593175764e-05,-95.75478521986157
143.54599149990827,-20.110559463500977,35.243064880371094,-0.0026026114355772734,0.0001242153370697835,3.4150942593175764e-05,-95.63040064488648
143.61261150008067,-20.118892669677734,35.157108306884766,-0.002602657303214073,0.00012428128253788232,3.4150942593175764e-05,-95.50625512653232
143.67927369987592,-20.127038955688477,35.071136474609375,-0.002602703170850873,0.0001243471498406693,3.4150942593175764e-05,-95.38225304215074
143.74597049993463,-20.135000228881836,34.985145568847656,-0.002602749038487673,0.00012441297806080036,3.4150942593175764e-05,-95.25837390117421
143.81259189988486,-20.142776489257812,34.899139404296875,-0.0026027949061244726,0.0001244787671982755,3.4150942593175764e-05,-95.13454257152189
143.8792659000028,-20.150367736816406,34.813114166259766,-0.002602841006591916,0.00012454451725309472,3.4150942593175764e-05,-95.01076588338292
143.94600409991108,-20.15777015686035,34.727073669433594,-0.002602886874228716,0.0001246102673079139,3.4150942593175764e-05,-94.8870233461898
144.0125955999829,-20.16495704650879,34.641056060791016,-0.0026029327418655157,0.00012469429501815445,3.4150942593175764e-05,-94.72869273103973
144.07941849995404,-20.171504974365234,34.555763244628906,-0.002602978376671672,0.00012494844952964007,3.4150942593175764e-05,-94.24724635682388
144.1459236999508,-20.17701530456543,34.47124099731445,-0.0026030235458165407,0.00012530454463533224,3.4150942593175764e-05,-93.57042925158898
144.21273729996756,-20.1817569732666,34.38589859008789,-0.002603069180622697,0.0001255726386274314,3.4150942593175764e-05,-93.06238612074509
144.27927859988995,-20.185911178588867,34.30010223388672,-0.0026031150482594967,0.00012577229888900446,3.4150942593175764e-05,-92.68486107475098
144.34595139999874,-20.189611434936523,34.214073181152344,-0.0026031609158962965,0.0001259262975809042,3.4150942593175764e-05,-92.39425018594528
144.412615200039,-20.19294548034668,34.1279182434082,-0.0026032067835330963,0.0001260500984073252,3.4150942593175764e-05,-92.16077382954673
144.47935319994576,-20.195974349975586,34.04169464111328,-0.0026032528840005398,0.00012615420157515965,3.4150942593175764e-05,-91.96452200412475
144.54590860009193,-20.19873809814453,33.9554328918457,-0.0026032987516373396,0.00012624512086039508,3.4150942593175764e-05,-91.79323452011916
144.6126035999041,-20.201263427734375,33.869140625,-0.0026033446192741394,0.0001263274028786709,3.4150942593175764e-05,-91.63825752785158
144.6792778999079,-20.203569412231445,33.782833099365234,-0.002603390486910939,0.00012640403093938947,3.4150942593175764e-05,-91.49392880050004
144.74594260007143,-20.205663681030273,33.69651412963867,-0.002603436354547739,0.00012647693312024312,3.4150942593175764e-05,-91.35669663969614
144.81259059999138,-20.207557678222656,33.61018371582031,-0.002603482222184539,0.00012654739914887738,3.4150942593175764e-05,-91.22406119620366
144.87933839997277,-20.20925521850586,33.52384567260742,-0.0026035280898213387,0.00012661621067841077,3.4150942593175764e-05,-91.09449933783769
144.94594180001877,-20.21076202392578,33.437503814697266,-0.0026035739574581385,0.00012668395394868222,3.4150942593175764e-05,-90.96693872489853
145.01260780007578,-20.212265014648438,33.351165771484375,-0.0026036198250949383,0.00012664229183746527,3.4150942593175764e-05,-91.04476873049083
145.07926040003076,-20.214277267456055,33.265445709228516,-0.0026036654599010944,0.00012641473958711316,3.4150942593175764e-05,-91.46856830811177
145.1459373999387,-20.21706771850586,33.18006896972656,-0.0026037110947072506,0.0001261368358483766,3.4150942593175764e-05,-91.98531309995826
145.2125965000596,-20.22040557861328,33.09404754638672,-0.0026037569623440504,0.00012597632338048924,3.4150942593175764e-05,-92.28496715922506
145.2792611999903,-20.224035263061523,33.0078010559082,-0.0026038028299808502,0.00012589275163456785,3.4150942593175764e-05,-92.44135800065085
145.34594619995914,-20.22779083251953,32.92148208618164,-0.0026038489304482937,0.0001258606908291567,3.4150942593175764e-05,-92.50138170307693
145.4126023000572,-20.231563568115234,32.83515548706055,-0.0026038947980850935,0.00012586229321804966,3.4150942593175764e-05,-92.49830128776124
145.4792875999119,-20.23528480529785,32.74882888793945,-0.0026039406657218933,0.00012588574281160515,3.4150942593175764e-05,-92.45420558647963
145.54592920001596,-20.23890495300293,32.66250991821289,-0.002603986533358693,0.000125923757208269,3.4150942593175764e-05,-92.38270716624794
145.612640599953,-20.24239730834961,32.57619857788086,-0.002604032400995493,0.00012597132080053073,3.4150942593175764e-05,-92.29326583906663
145.67935690004379,-20.245738983154297,32.48988342285156,-0.0026040782686322927,0.00012602504642487676,3.4150942593175764e-05,-92.19215854878293
145.74611210008152,-20.248920440673828,32.40357208251953,-0.0026041241362690926,0.00012608291481075093,3.4150942593175764e-05,-92.08319654095371
145.81271230010316,-20.25172996520996,32.317604064941406,-0.0026041700039058924,0.000126250423074049,3.4150942593175764e-05,-91.76667191443698
145.87929830001667,-20.253643035888672,32.23283767700195,-0.0026042151730507612,0.00012659620035857677,3.4150942593175764e-05,-91.10949843325504
145.9459442999214,-20.254638671875,32.14762878417969,-0.00260426034219563,0.0001268969804785819,3.4150942593175764e-05,-90.53888393942466
146.0126934000291,-20.254962921142578,32.061851501464844,-0.00260430620983243,0.00012711860519278527,3.4150942593175764e-05,-90.11954447533172
146.0792719000019,-20.25477409362793,31.975807189941406,-0.0026043520774692297,0.0001272878330929441,3.4150942593175764e-05,-89.7998984523643
146.1459296999965,-20.254182815551758,31.889625549316406,-0.002604398177936673,0.00012742209504360125,3.4150942593175764e-05,-89.54655990585935
146.21261959988624,-20.25326156616211,31.803373336791992,-0.002604444045573473,0.0001275326077670075,3.4150942593175764e-05,-89.33824596636315
146.27925970009528,-20.252059936523438,31.717084884643555,-0.002604489913210273,0.000127627721923979,3.4150942593175764e-05,-89.15902863273118
146.3460548000876,-20.2506103515625,31.630775451660156,-0.0026045357808470726,0.00012771285697613742,3.4150942593175764e-05,-88.99864896083011
146.4126051000785,-20.248933792114258,31.544456481933594,-0.0026045816484838724,0.0001277913088941325,3.4150942593175764e-05,-88.85084366719103
146.47928140009753,-20.24704360961914,31.458133697509766,-0.0026046275161206722,0.00012786543566487184,3.4150942593175764e-05,-88.71124826093431
146.54615509998985,-20.244951248168945,31.371810913085938,-0.002604673383757472,0.00012793665729152065,3.4150942593175764e-05,-88.57719213809447
146.6128030999098,-20.2426700592041,31.28547477722168,-0.002604719251394272,0.0001279979519235643,3.4150942593175764e-05,-88.46178926187794
146.67963070003316,-20.240509033203125,31.199228286743164,-0.0026047653518617153,0.00012790657667400974,3.4150942593175764e-05,-88.63264644396581
146.74606380006298,-20.23891830444336,31.113399505615234,-0.002604811219498515,0.00012769371950228573,3.4150942593175764e-05,-89.02935749133849
146.81260549998842,-20.23773956298828,31.02720069885254,-0.002604857087135315,0.00012756706564198212,3.4150942593175764e-05,-89.26614648948448
146.87929759989493,-20.236770629882812,30.940841674804688,-0.0026049029547721148,0.0001275067480763366,3.4150942593175764e-05,-89.37911098816733
146.94611679995432,-20.235876083374023,30.85443687438965,-0.0026049488224089146,0.00012748985134142466,3.4150942593175764e-05,-89.41079623572702
147.0127663000021,-20.234968185424805,30.768033981323242,-0.0026049946900457144,0.0001275010550361234,3.4150942593175764e-05,-89.38967046062416
147.0794232999906,-20.233985900878906,30.68155860900879,-0.002605040557682514,0.00012753108354342642,3.4150942593175764e-05,-89.33315747543148
147.1462407000363,-20.232891082763672,30.59517478942871,-0.002605086425319314,0.00012757321464651445,3.4150942593175764e-05,-89.25383848860012
147.21285460004583,-20.231660842895508,30.508806228637695,-0.002605132292956114,0.00012762348796958701,3.4150942593175764e-05,-89.15926085916296
147.27955519990064,-20.230276107788086,30.422443389892578,-0.0026051783934235573,0.00012767899836855367,3.4150942593175764e-05,-89.05479311580761
147.34625510009937,-20.22872543334961,30.336088180541992,-0.002605224261060357,0.00012773802620655363,3.4150942593175764e-05,-88.94369325876818
147.41284110001288,-20.227005004882812,30.249740600585938,-0.002605270128697157,0.00012779937294880522,3.4150942593175764e-05,-88.82826989198414
147.47938710008748,-20.22510528564453,30.16339683532715,-0.0026053159963339567,0.000127862178776878,3.4150942593175764e-05,-88.70999150612703
147.5460286999587,-20.223026275634766,30.077062606811523,-0.0026053618639707565,0.00012792597469890094,3.4150942593175764e-05,-88.58987579938318
147.6127070998773,-20.22076416015625,29.990732192993164,-0.0026054077316075563,0.00012799048713628248,3.4150942593175764e-05,-88.46853748877791
147.67935130000114,-20.218318939208984,29.90440559387207,-0.002605453599244356,0.00012805532526246344,3.4150942593175764e-05,-88.34634540452637
147.74621629994363,-20.215688705444336,29.81808853149414,-0.002605499466881156,0.00012812050210499572,3.4150942593175764e-05,-88.22366154665461
147.81276430003345,-20.212873458862305,29.731773376464844,-0.0026055455673485994,0.00012818586133325568,3.4150942593175764e-05,-88.10061568875683
147.8793575000018,-20.20987319946289,29.64546775817871,-0.0026055914349853992,0.00012825132478193143,3.4150942593175764e-05,-87.97736492518395
147.946022399934,-20.206684112548828,29.559165954589844,-0.002605637302622199,0.000128316892451023,3.4150942593175764e-05,-87.85395023707099
148.0127022000961,-20.203310012817383,29.472875595092773,-0.002605683170258999,0.0001283824861752185,3.4150942593175764e-05,-87.73043309612048
148.07944880006835,-20.199750900268555,29.38658905029297,-0.0026057290378957987,0.000128448079899414,3.4150942593175764e-05,-87.60685448346743
148.14615960000083,-20.19600486755371,29.300312042236328,-0.0026057749055325985,0.00012851373876136937,3.4150942593175764e-05,-87.48321439911187
148.2127710999921,-20.192073822021484,29.21404457092285,-0.0026058207731693983,0.00012857941065087675,3.4150942593175764e-05,-87.35956748456714
148.27938030008227,-20.18795394897461,29.127784729003906,-0.002605866640806198,0.0001286450955679361,3.4150942593175764e-05,-87.23588641907654
148.34606730006635,-20.183650970458984,29.041532516479492,-0.0026059127412736416,0.00012871072837478752,3.4150942593175764e-05,-87.11220535358595
148.41274749999866,-20.179161071777344,28.955289840698242,-0.0026059586089104414,0.00012877646540205475,3.4150942593175764e-05,-86.98852428809536
148.47936569992453,-20.174652099609375,28.86904525756836,-0.002606004476547241,0.00012874478239565087,3.4150942593175764e-05,-87.04774202819937
148.54614209989086,-20.170671463012695,28.783355712890625,-0.0026060501113533974,0.0001285229622681679,3.4150942593175764e-05,-87.46089334090426
148.6128416999709,-20.16750717163086,28.69804573059082,-0.00260609551332891,0.0001282378021829811,3.4150942593175764e-05,-87.99099115257812
148.67940489994362,-20.16485595703125,28.612028121948242,-0.0026061416137963533,0.00012807114071056142,3.4150942593175764e-05,-88.3020379673805
148.74604419991374,-20.162492752075195,28.52574348449707,-0.002606187481433153,0.00012798454657258175,3.4150942593175764e-05,-88.46405005449321
148.81267870008014,-20.16025733947754,28.439376831054688,-0.002606233349069953,0.00012795036227619864,3.4150942593175764e-05,-88.52802160625956
148.87934780004434,-20.158042907714844,28.352994918823242,-0.0026062792167067528,0.00012795024502823085,3.4150942593175764e-05,-88.52823334212383
148.94613529997878,-20.155778884887695,28.266620635986328,-0.0026063250843435526,0.000127972834803356,3.4150942593175764e-05,-88.48574956548633
149.01283739996143,-20.153417587280273,28.18025779724121,-0.0026063709519803524,0.00012801021084997305,3.4150942593175764e-05,-88.4153576359002
149.0793735999614,-20.150930404663086,28.093908309936523,-0.002606416819617152,0.0001280573966432275,3.4150942593175764e-05,-88.32660615782504
149.14602339989506,-20.14829444885254,28.007572174072266,-0.002606462687253952,0.00012811088777163796,3.4150942593175764e-05,-88.22598381097242
149.21276129991747,-20.145498275756836,27.921247482299805,-0.0026065087877213955,0.0001281685216615766,3.4150942593175764e-05,-88.11741795411506
149.2793523001019,-20.142534255981445,27.834930419921875,-0.0026065546553581953,0.00012822893042008593,3.4150942593175764e-05,-88.00372262519103
149.3463721999433,-20.139392852783203,27.748624801635742,-0.002606600522994995,0.00012829115000831986,3.4150942593175764e-05,-87.88657122054697
149.41286380006932,-20.136085510253906,27.662315368652344,-0.002606646390631795,0.0001283465692144227,3.4150942593175764e-05,-87.78234253381258
149.47951620002277,-20.132909774780273,27.57611083984375,-0.0026066922582685947,0.0001282511814788597,3.4150942593175764e-05,-87.96051484850153
149.54601799999364,-20.13011360168457,27.489933013916016,-0.0026067381259053946,0.00012812933478523498,3.4150942593175764e-05,-88.18822652524058
149.61276570009068,-20.127513885498047,27.40360450744629,-0.0026067839935421944,0.000128071362178945,3.4150942593175764e-05,-88.29681970285462
149.67937700008042,-20.124984741210938,27.31723403930664,-0.002606829861178994,0.00012805553370329504,3.4150942593175764e-05,-88.32650370498749
149.74608620000072,-20.122438430786133,27.23086166381836,-0.002606875728815794,0.00012806779262970378,3.4150942593175764e-05,-88.30333570332282
149.8127234999556,-20.11981964111328,27.144500732421875,-0.0026069218292832375,0.00012809830315642986,3.4150942593175764e-05,-88.24601675580806
149.87943139998242,-20.11708641052246,27.058156967163086,-0.0026069676969200373,0.00012814087719628504,3.4150942593175764e-05,-88.16587131608713
149.94604300009087,-20.114213943481445,26.97182273864746,-0.002607013564556837,0.00012819138501529319,3.4150942593175764e-05,-88.07073361113802
150.01269729994237,-20.111188888549805,26.885501861572266,-0.002607059432193637,0.0001282471820204033,3.4150942593175764e-05,-87.96576726397328
150.0793810999021,-20.10799789428711,26.799190521240234,-0.0026071052998304367,0.0001283062880237151,3.4150942593175764e-05,-87.85445567106957
150.14613500004634,-20.104633331298828,26.712890625,-0.0026071511674672365,0.00012836769990372658,3.4150942593175764e-05,-87.73888204012378
150.21275860001333,-20.101091384887695,26.626598358154297,-0.0026071970351040363,0.00012843060995221516,3.4150942593175764e-05,-87.6205080316183
150.27935270010494,-20.097370147705078,26.54031753540039,-0.002607242902740836,0.00012849444495689402,3.4150942593175764e-05,-87.50031719279357
150.34605819988064,-20.09346580505371,26.454044342041016,-0.0026072890032082796,0.00012855897042182756,3.4150942593175764e-05,-87.37893107086411
150.41269879997708,-20.089380264282227,26.367782592773438,-0.0026073348708450794,0.0001286238476306644,3.4150942593175764e-05,-87.25674581680175
150.4794373998884,-20.085107803344727,26.281530380249023,-0.0026073807384818792,0.00012868905052830065,3.4150942593175764e-05,-87.1340346381733
150.54616879997775,-20.080745697021484,26.195253372192383,-0.002607426606118679,0.00012869327145514066,3.4150942593175764e-05,-87.12594769419601
150.6127708000131,-20.076807022094727,26.109405517578125,-0.002607472473755479,0.00012850303011364573,3.4150942593175764e-05,-87.48065307817312
150.67936549987644,-20.07356071472168,26.02378273010254,-0.002607518108561635,0.0001282637270114119,3.4150942593175764e-05,-87.92624778943558
150.74602399999276,-20.070741653442383,25.937652587890625,-0.002607563976198435,0.00012812771936879003,3.4150942593175764e-05,-88.18024886429001
150.81290460005403,-20.06814956665039,25.851335525512695,-0.0026076098438352346,0.00012806116160574835,3.4150942593175764e-05,-88.30489298645357
150.87935990002006,-20.06564712524414,25.76496696472168,-0.0026076557114720345,0.00012803962706233322,3.4150942593175764e-05,-88.34517061198913
150.94616049993783,-20.06313705444336,25.678592681884766,-0.0026077015791088343,0.00012804821221908493,3.4150942593175764e-05,-88.32897623346705
151.01286959997378,-20.06056022644043,25.592227935791016,-0.002607747446745634,0.00012807645595176733,3.4150942593175764e-05,-88.27585785229185
151.07936239987612,-20.05787467956543,25.505878448486328,-0.0026077935472130775,0.00012811745365783351,3.4150942593175764e-05,-88.19873818637323
151.1460136999376,-20.055055618286133,25.41954231262207,-0.0026078394148498774,0.00012816695835533956,3.4150942593175764e-05,-88.10557440609426
151.21288329991512,-20.05208396911621,25.333219528198242,-0.002607885282486677,0.00012822206490019497,3.4150942593175764e-05,-88.00191945525015
151.2793872000184,-20.049015045166016,25.24688148498535,-0.002607931150123477,0.00012823557447159332,3.4150942593175764e-05,-87.976442849646
151.34629849996418,-20.04631996154785,25.16092300415039,-0.002607977017760277,0.00012805879059128885,3.4150942593175764e-05,-88.30621121296338
151.41278119990602,-20.044429779052734,25.075754165649414,-0.0026080224197357893,0.0001277484352205819,3.4150942593175764e-05,-88.8827611411825
151.47943200008012,-20.04325294494629,24.989999771118164,-0.002608067821711302,0.00012752195122949175,3.4150942593175764e-05,-89.30458679413331
151.5461595999077,-20.04249382019043,24.90380096435547,-0.0026081139221787453,0.00012739321296087206,3.4150942593175764e-05,-89.54516654726868
151.61283269990236,-20.041946411132812,24.81743812561035,-0.002608159789815545,0.00012733227007273175,3.4150942593175764e-05,-89.65927168754291
151.67940920009278,-20.04147720336914,24.73103141784668,-0.002608205657452345,0.0001273144874642855,3.4150942593175764e-05,-89.69260984088174
151.746165700024,-20.040992736816406,24.644622802734375,-0.0026082515250891447,0.0001273255087732566,3.4150942593175764e-05,-89.67184606580491
151.81280379998498,-20.040437698364258,24.558223724365234,-0.0026082973927259445,0.00012735530278462404,3.4150942593175764e-05,-89.61571557120574
151.87946600001305,-20.039772033691406,24.47183609008789,-0.0026083432603627443,0.00012739732966729627,3.4150942593175764e-05,-89.53660832023866
151.94608050002716,-20.03896713256836,24.38545799255371,-0.002608389127999544,0.00012744755088016095,3.4150942593175764e-05,-89.4421399738282
152.01275349990465,-20.038009643554688,24.299089431762695,-0.002608434995636344,0.00012750307430667955,3.4150942593175764e-05,-89.33763124933785
152.07938380003907,-20.03688621520996,24.21272850036621,-0.0026084810961037874,0.00012756206306202363,3.4150942593175764e-05,-89.2265792036226
152.14603199996054,-20.03558921813965,24.126373291015625,-0.0026085269637405872,0.00012762340980427517,3.4150942593175764e-05,-89.1111899877844
152.21270260005258,-20.034114837646484,24.040023803710938,-0.002608572831377387,0.00012768621563234798,3.4150942593175764e-05,-88.99295258306232
152.27951509994455,-20.032461166381836,23.953678131103516,-0.002608618699014187,0.00012775002458192286,3.4150942593175764e-05,-88.87285736688598
152.34604039997794,-20.03062629699707,23.867338180541992,-0.0026086645666509867,0.00012781444582644062,3.4150942593175764e-05,-88.75148490533486
152.4126993000973,-20.028606414794922,23.781002044677734,-0.0026087104342877865,0.0001278793621179334,3.4150942593175764e-05,-88.62932697202919
152.47938759997487,-20.02640151977539,23.694671630859375,-0.0026087563019245863,0.0001279445259329137,3.4150942593175764e-05,-88.50662945377907
152.5460961998906,-20.024011611938477,23.608346939086914,-0.002608802169561386,0.0001280099242438296,3.4150942593175764e-05,-88.38359725625963
152.61269939993508,-20.02143669128418,23.52202606201172,-0.0026088482700288296,0.00012807537466495337,3.4150942593175764e-05,-88.26034649268675
152.6793639000971,-20.018674850463867,23.435712814331055,-0.0026088941376656294,0.00012814094233404492,3.4150942593175764e-05,-88.13691814419545
152.7460441000294,-20.015727996826172,23.349403381347656,-0.002608940005302429,0.00012820654908579242,3.4150942593175764e-05,-88.01340100324494
152.8127484000288,-20.012596130371094,23.26310157775879,-0.002608985872939229,0.0001282722079477478,3.4150942593175764e-05,-87.88981556040272
152.87936059990898,-20.009275436401367,23.176809310913086,-0.002609031740576029,0.00012833786680970319,3.4150942593175764e-05,-87.7661891364255
152.9460336000193,-20.005769729614258,23.09052276611328,-0.0026090776082128286,0.00012840353869921053,3.4150942593175764e-05,-87.64254905206992
153.01274350006133,-20.002079010009766,23.004241943359375,-0.0026091234758496284,0.00012846919756116595,3.4150942593175764e-05,-87.51886115639016
153.0793675999157,-19.998199462890625,22.917970657348633,-0.0026091693434864283,0.00012853486945067327,3.4150942593175764e-05,-87.39518692108875
153.14603430009447,-19.994190216064453,22.831676483154297,-0.002609215211123228,0.00012856274841190039,3.4150942593175764e-05,-87.34261495504715
153.21271510003135,-19.99051284790039,22.745704650878906,-0.0026092613115906715,0.0001283988618080514,3.4150942593175764e-05,-87.64839569399946
153.2794150998816,-19.987634658813477,22.66055679321289,-0.0026093064807355404,0.0001280903824048289,3.4150942593175764e-05,-88.22138709366101
153.34602589998394,-19.98555564880371,22.5750675201416,-0.0026093521155416965,0.00012782524566702812,3.4150942593175764e-05,-88.71460871400596
153.41270229988731,-19.983957290649414,22.48896026611328,-0.0026093979831784964,0.00012767475138660974,3.4150942593175764e-05,-88.99563001721697
153.4793974000495,-19.982614517211914,22.402631759643555,-0.002609443850815296,0.00012759877470348992,3.4150942593175764e-05,-89.1377935746016
153.54613650008105,-19.98137855529785,22.31623649597168,-0.002609489718452096,0.00012757105207288655,3.4150942593175764e-05,-89.18967569153702
153.6126973000355,-19.980154037475586,22.229835510253906,-0.002609535586088896,0.00012757368363838556,3.4150942593175764e-05,-89.18471014401042
153.67936179996468,-19.979106903076172,22.143592834472656,-0.0026095816865563393,0.00012747089625330066,3.4150942593175764e-05,-89.37682287479537
153.74621729995124,-19.978717803955078,22.058115005493164,-0.0026096270885318518,0.00012720035308143012,3.4150942593175764e-05,-89.8799824203827
153.81282159988768,-19.979291915893555,21.97346305847168,-0.0026096724905073643,0.00012682983647570133,3.4150942593175764e-05,-90.56692186596757
153.87937010009773,-19.980724334716797,21.887990951538086,-0.0026097181253135204,0.00012656093477537967,3.4150942593175764e-05,-91.06717175096847
153.9460364000406,-19.982666015625,21.80190086364746,-0.0026097639929503202,0.00012640666250488848,3.4150942593175764e-05,-91.35519399807875
154.01269840006717,-19.98488426208496,21.71559715270996,-0.00260980986058712,0.00012632801517361374,3.4150942593175764e-05,-91.50230261242247
154.07937070005573,-19.98721694946289,21.629228591918945,-0.00260985572822392,0.00012629923731130038,3.4150942593175764e-05,-91.55624744648725
154.14603729988448,-19.989561080932617,21.5428466796875,-0.0026099015958607197,0.00012630263750236593,3.4150942593175764e-05,-91.54982706866743
154.21270049992017,-19.99184799194336,21.456472396850586,-0.0026099474634975195,0.00012632749407153474,3.4150942593175764e-05,-91.5030949143662
154.27935580001213,-19.99403190612793,21.370107650756836,-0.002609993563964963,0.00012636639434173292,3.4150942593175764e-05,-91.42985479589615
154.34605180006474,-19.9960880279541,21.28374671936035,-0.0026100394316017628,0.0001264144529809697,3.4150942593175764e-05,-91.33946407242018
154.41271629999392,-19.99799156188965,21.197391510009766,-0.0026100852992385626,0.000126468569431875,3.4150942593175764e-05,-91.23761912170613
154.4794314999599,-19.99973487854004,21.111040115356445,-0.0026101311668753624,0.0001265266332310288,3.4150942593175764e-05,-91.12836341574261
154.54601670010015,-20.001306533813477,21.024686813354492,-0.002610177034512162,0.0001265873285956816,3.4150942593175764e-05,-91.01412850187415
154.61271189991385,-20.002702713012695,20.938335418701172,-0.002610222902148962,0.00012664971754209117,3.4150942593175764e-05,-90.89662192739326
154.67942829988897,-20.00391960144043,20.85198211669922,-0.002610268769785762,0.00012671326594062657,3.4150942593175764e-05,-90.7769843338913
154.74603049992584,-20.004955291748047,20.765628814697266,-0.0026103146374225616,0.0001267775829647285,3.4150942593175764e-05,-90.65595338179868
154.81275989999995,-20.00580596923828,20.679271697998047,-0.002610360737890005,0.00012684235595314958,3.4150942593175764e-05,-90.53402084473562
154.8793764000293,-20.006471633911133,20.592914581298828,-0.002610406605526805,0.00012690744160281803,3.4150942593175764e-05,-90.41148042083641
154.94603960006498,-20.0069522857666,20.50655746459961,-0.0026104524731636047,0.00012697272266576614,3.4150942593175764e-05,-90.28853018558702
155.0127049998846,-20.007247924804688,20.42020034790039,-0.0026104983408004045,0.00012703814703178597,3.4150942593175764e-05,-90.16532723333833
155.07948209997267,-20.00735855102539,20.333843231201172,-0.0026105442084372044,0.0001271036756182216,3.4150942593175764e-05,-90.04195352636037
155.1460400999058,-20.007282257080078,20.24748420715332,-0.002610590076074004,0.00012716925631486514,3.4150942593175764e-05,-89.91845687597738
155.21273889997974,-20.00701904296875,20.1611270904541,-0.002610635943710804,0.00012723490214926856,3.4150942593175764e-05,-89.79490558408102
155.27935620001517,-20.00657081604004,20.074769973754883,-0.002610681811347604,0.00012730054798367195,3.4150942593175764e-05,-89.67128599029296
155.34603030001745,-20.005935668945312,19.988414764404297,-0.0026107276789844036,0.0001273662329007313,3.4150942593175764e-05,-89.54763907574822
155.412708299933,-20.00511360168457,19.90205955505371,-0.002610773779451847,0.00012743190479023864,3.4150942593175764e-05,-89.42397850082514
155.47938130004331,-20.004106521606445,19.815706253051758,-0.002610819647088647,0.0001274976287899539,3.4150942593175764e-05,-89.30029743533456
155.54603319987655,-20.002967834472656,19.729326248168945,-0.0026108655147254467,0.00012752552077873296,3.4150942593175764e-05,-89.24772546929296
155.61282090004534,-20.00214958190918,19.643278121948242,-0.0026109113823622465,0.00012736166022998797,3.4150942593175764e-05,-89.5535198686236
155.67938890005462,-20.002052307128906,19.557783126831055,-0.002610956784337759,0.00012709139063670893,3.4150942593175764e-05,-90.05628326323907
155.7460398999974,-20.002521514892578,19.47176170349121,-0.002611002651974559,0.00012691648272388886,3.4150942593175764e-05,-90.38269800367398
155.81276190001518,-20.003305435180664,19.385461807250977,-0.0026110485196113586,0.00012682423462835198,3.4150942593175764e-05,-90.5552763934327
155.8794338000007,-20.00423240661621,19.299072265625,-0.0026110943872481585,0.0001267858033500249,3.4150942593175764e-05,-90.627321228798
155.94601850002073,-20.00518798828125,19.21266746520996,-0.0026111402548849583,0.0001267836928866049,3.4150942593175764e-05,-90.63120760643572
156.01276429998688,-20.0060977935791,19.126264572143555,-0.002611186122521758,0.00012680470632794102,3.4150942593175764e-05,-90.59174960360056
156.07939850003459,-20.006914138793945,19.039873123168945,-0.002611231990158558,0.00012684089686732834,3.4150942593175764e-05,-90.52361846662969
156.146041699918,-20.007606506347656,18.9534912109375,-0.0026112778577953577,0.00012688740522788007,3.4150942593175764e-05,-90.43616472449685
156.21275359997526,-20.00815200805664,18.867116928100586,-0.0026113237254321575,0.00012694041433686744,3.4150942593175764e-05,-90.3363893211013
156.2793697998859,-20.0085391998291,18.780744552612305,-0.002611369825899601,0.0001269977225380067,3.4150942593175764e-05,-90.22847916240427
156.3460562999826,-20.00875473022461,18.694377899169922,-0.002611415693536401,0.00012705793588323641,3.4150942593175764e-05,-90.1151116825604
156.41272819996811,-20.00879669189453,18.608015060424805,-0.0026114615611732006,0.0001271200642786065,3.4150942593175764e-05,-89.99820616472645
156.47940599988215,-20.008657455444336,18.521652221679688,-0.0026115074288100004,0.0001271833912087583,3.4150942593175764e-05,-89.87899204295306
156.54602080001496,-20.008338928222656,18.435293197631836,-0.0026115532964468002,0.00012724755190223651,3.4150942593175764e-05,-89.75821380785972
156.61270880000666,-20.007837295532227,18.348934173583984,-0.0026115991640836,0.0001273122076426898,3.4150942593175764e-05,-89.63643836514755
156.67937960010022,-20.007152557373047,18.262577056884766,-0.0026116450317204,0.00012737725420970236,3.4150942593175764e-05,-89.51400039408591
156.74602900003083,-20.00628089904785,18.17622184753418,-0.0026116908993571997,0.0001274425092175465,3.4150942593175764e-05,-89.3911457814849
156.81270919996314,-20.00522232055664,18.089868545532227,-0.002611736999824643,0.00012750789450091042,3.4150942593175764e-05,-89.26798381037122
156.87936939997599,-20.00398063659668,18.003520965576172,-0.002611782867461443,0.00012757342308734605,3.4150942593175764e-05,-89.14463742414996
156.94604249997064,-20.002552032470703,17.917173385620117,-0.0026118287350982428,0.0001276389907564376,3.4150942593175764e-05,-89.02116126433447
157.0127437999472,-20.00093650817871,17.830829620361328,-0.0026118746027350426,0.00012770461053573706,3.4150942593175764e-05,-88.89762363281645
157.07937710010447,-19.999135971069336,17.744489669799805,-0.0026119204703718424,0.00012777026939769245,3.4150942593175764e-05,-88.77401769940673
157.14608269999735,-19.997148513793945,17.65815544128418,-0.002611966338008642,0.00012783594128719982,3.4150942593175764e-05,-88.65038444524033
157.2127535000909,-19.994976043701172,17.571823120117188,-0.002612012205645442,0.00012790160014915518,3.4150942593175764e-05,-88.52672387031724
157.2793894999195,-19.99261474609375,17.485496520996094,-0.002612058073282242,0.00012796728506621452,3.4150942593175764e-05,-88.40306329539416
157.34608839987777,-19.990068435668945,17.39917755126953,-0.0026121041737496853,0.00012803302209348175,3.4150942593175764e-05,-88.2793753997144
157.41274620010518,-19.987335205078125,17.312862396240234,-0.002612150041386485,0.00012809873306564504,3.4150942593175764e-05,-88.15569433422381
157.4796380000189,-19.98448371887207,17.226520538330078,-0.002612195909023285,0.00012811923843245412,3.4150942593175764e-05,-88.11696033144068
157.54608049988747,-19.98198890686035,17.140535354614258,-0.0026122417766600847,0.00012794705327799692,3.4150942593175764e-05,-88.43818412810637
157.61293649999425,-19.980207443237305,17.054960250854492,-0.002612287411466241,0.00012769404519108511,3.4150942593175764e-05,-88.90891393551448
157.67940620006993,-19.978883743286133,16.96881866455078,-0.0026123332791030407,0.00012755042945810968,3.4150942593175764e-05,-89.17716278497757
157.746041999897,-19.977807998657227,16.88248062133789,-0.0026123791467398405,0.00012747806140688705,3.4150942593175764e-05,-89.31268056829978
157.8128202999942,-19.976829528808594,16.79608154296875,-0.0026124250143766403,0.00012745323089282217,3.4150942593175764e-05,-89.35920781692592
157.8794207999017,-19.975854873657227,16.70967674255371,-0.00261247088201344,0.00012745961439329003,3.4150942593175764e-05,-89.3470910613383
157.94606229988858,-19.974817276000977,16.623281478881836,-0.00261251674965024,0.00012748645115035913,3.4150942593175764e-05,-89.29663645393943
158.01274259993806,-19.97367286682129,16.536895751953125,-0.0026125626172870398,0.0001275264978451311,3.4150942593175764e-05,-89.22126531644834
158.07939759991132,-19.972394943237305,16.450525283813477,-0.0026126087177544832,0.00012757539024769432,3.4150942593175764e-05,-89.12925583813909
158.14605179987848,-19.97096824645996,16.36416244506836,-0.002612654585391283,0.00012763000174557468,3.4150942593175764e-05,-89.02647515150875
158.21282009989955,-19.969375610351562,16.277807235717773,-0.002612700453028083,0.00012768843031618377,3.4150942593175764e-05,-88.91650227568236
158.2794141001068,-19.967613220214844,16.19145965576172,-0.0026127463206648827,0.00012774934714922015,3.4150942593175764e-05,-88.80187121084204
158.34606670006178,-19.965675354003906,16.105117797851562,-0.0026127921883016825,0.00012781193150890937,3.4150942593175764e-05,-88.68411191936185
158.41273740003817,-19.96355628967285,16.018781661987305,-0.0026128380559384823,0.00012787554504520464,3.4150942593175764e-05,-88.564317231509
158.479416300077,-19.96125602722168,15.932453155517578,-0.002612883923575282,0.0001279399011519625,3.4150942593175764e-05,-88.44317699638965
158.54611780005507,-19.958770751953125,15.846128463745117,-0.002612929791212082,0.00012800468716793554,3.4150942593175764e-05,-88.32116932724571
158.612736399984,-19.95610237121582,15.759811401367188,-0.0026129758916795254,0.00012806978584515598,3.4150942593175764e-05,-88.19856060145482
158.67939039994963,-19.953248977661133,15.67349910736084,-0.002613021759316325,0.00012813513204586397,3.4150942593175764e-05,-88.0755693850704
158.74606509995647,-19.95020866394043,15.587194442749023,-0.002613067626953125,0.00012820058246698773,3.4150942593175764e-05,-87.9523459422542
158.8127423999831,-19.946985244750977,15.500896453857422,-0.002613113494589925,0.00012826611105342338,3.4150942593175764e-05,-87.82895857489791
158.8795328999404,-19.943572998046875,15.414605140686035,-0.0026131593622267246,0.0001283317047776189,3.4150942593175764e-05,-87.7054619245149
158.9461346999742,-19.939977645874023,15.328322410583496,-0.0026132052298635244,0.00012839732455691833,3.4150942593175764e-05,-87.58189014205104
159.01274159993045,-19.936193466186523,15.242046356201172,-0.0026132510975003242,0.00012846297039132175,3.4150942593175764e-05,-87.45828420864133
159.07939459988847,-19.93225860595703,15.15575122833252,-0.002613296965137124,0.00012850269139729435,3.4150942593175764e-05,-87.38350046741886
159.14607389993034,-19.928590774536133,15.069695472717285,-0.002613342832773924,0.0001283609907144593,3.4150942593175764e-05,-87.64810199586515
159.21273389994167,-19.925586700439453,14.984040260314941,-0.00261338846758008,0.0001281257261533378,3.4150942593175764e-05,-88.08605372544636
159.27938960003667,-19.923004150390625,14.897892951965332,-0.00261343433521688,0.00012799251943439063,3.4150942593175764e-05,-88.33496630936914
159.34604789991863,-19.92064094543457,14.811567306518555,-0.0026134804356843233,0.00012792787672148934,3.4150942593175764e-05,-88.45592895957007
159.41281499993056,-19.918359756469727,14.725190162658691,-0.002613526303321123,0.00012790815300779874,3.4150942593175764e-05,-88.49289394335817
159.47938890010118,-19.91607093811035,14.638809204101562,-0.002613572170957923,0.000127917506790117,3.4150942593175764e-05,-88.47525156473203
159.54607590008527,-19.913713455200195,14.55243968963623,-0.0026136180385947227,0.00012794629767998237,3.4150942593175764e-05,-88.42106767404633
159.6127981999889,-19.91124725341797,14.466083526611328,-0.0026136639062315226,0.00012798779043302362,3.4150942593175764e-05,-88.34297812126556
159.67941639991477,-19.90864372253418,14.379727363586426,-0.0026137097738683224,0.00012803752962646522,3.4150942593175764e-05,-88.24938403906887
159.74610630003735,-19.9058895111084,14.293396949768066,-0.002613755641505122,0.00012809276644684038,3.4150942593175764e-05,-88.14545588065796
159.81274130009115,-19.902969360351562,14.207077026367188,-0.002613801509141922,0.00012815161189911266,3.4150942593175764e-05,-88.03474534440123
159.87941640010104,-19.899879455566406,14.120766639709473,-0.0026138476096093655,0.00012821276322808463,3.4150942593175764e-05,-87.91959518518398
159.94605979998596,-19.896665573120117,14.034435272216797,-0.0026138934772461653,0.00012823773704522123,3.4150942593175764e-05,-87.87265129501849
160.0129724999424,-19.893787384033203,13.948439598083496,-0.002613939344882965,0.00012807187025347204,3.4150942593175764e-05,-88.18206569460924
160.07945300010033,-19.89167594909668,13.863115310668945,-0.002613984514027834,0.00012778174667098265,3.4150942593175764e-05,-88.7213637710951
160.14615219994448,-19.890201568603516,13.777233123779297,-0.0026140303816646338,0.00012757988475312578,3.4150942593175764e-05,-89.09771402455198
160.21281310007907,-19.88909149169922,13.690984725952148,-0.0026140764821320772,0.00012746883790008855,3.4150942593175764e-05,-89.30529030361782
160.2794643000234,-19.888160705566406,13.60461139678955,-0.002614122349768877,0.00012741799136472905,3.4150942593175764e-05,-89.40051680102614
160.34606439992785,-19.887283325195312,13.518205642700195,-0.002614168217405677,0.00012740781684663637,3.4150942593175764e-05,-89.41957302881049
160.4127938998863,-19.886377334594727,13.431801795959473,-0.0026142140850424767,0.0001274234889916626,3.4150942593175764e-05,-89.39010759273104
160.479403299978,-19.88538932800293,13.34540843963623,-0.0026142599526792765,0.0001274563835604002,3.4150942593175764e-05,-89.32816460714821
160.54612499987707,-19.88428497314453,13.259026527404785,-0.0026143058203160763,0.00012750050787894044,3.4150942593175764e-05,-89.24523928043507
160.61281799990684,-19.883039474487305,13.172657012939453,-0.002614351687952876,0.00012755201881945068,3.4150942593175764e-05,-89.14827791497757
160.67941419989802,-19.881635665893555,13.086296081542969,-0.002614397555589676,0.00012760833692663977,3.4150942593175764e-05,-89.0422460583023
160.74609960010275,-19.88006591796875,12.999942779541016,-0.0026144436560571194,0.0001276679119218227,3.4150942593175764e-05,-88.93012850307655
160.81275909999385,-19.87832260131836,12.913596153259277,-0.002614489523693919,0.00012772959738042563,3.4150942593175764e-05,-88.81403577775383
160.87943139998242,-19.876399993896484,12.827254295349121,-0.002614535391330719,0.00012779265073198595,3.4150942593175764e-05,-88.69537490130321
160.94608990009874,-19.874298095703125,12.740918159484863,-0.002614581258967519,0.00012785656390197666,3.4150942593175764e-05,-88.57493817566836
161.01274839998223,-19.872013092041016,12.65458869934082,-0.0026146271266043186,0.00012792111542201415,3.4150942593175764e-05,-88.45340178957716
161.0794814999681,-19.869544982910156,12.56826400756836,-0.0026146729942411184,0.0001279860577686109,3.4150942593175764e-05,-88.33112091286642
161.14609330007806,-19.866891860961914,12.481945991516113,-0.0026147188618779182,0.00012805129974890306,3.4150942593175764e-05,-88.20833460215711
161.21280790003948,-19.864051818847656,12.395633697509766,-0.002614764729514718,0.00012811667200471498,3.4150942593175764e-05,-88.08524093293514
161.27941339998506,-19.861026763916016,12.309328079223633,-0.002614810597151518,0.00012818217453604668,3.4150942593175764e-05,-87.96194918822722
161.3460683999583,-19.857816696166992,12.223029136657715,-0.0026148566976189613,0.0001282477552326902,3.4150942593175764e-05,-87.83849351897925
161.41284739994444,-19.854421615600586,12.136737823486328,-0.002614902565255761,0.00012831337501198966,3.4150942593175764e-05,-87.71495588746123
161.47943970002234,-19.850873947143555,12.050427436828613,-0.002614948432892561,0.00012835304390775438,3.4150942593175764e-05,-87.64022678775213
161.54617169988342,-19.847606658935547,11.964374542236328,-0.0026149943005293608,0.00012820565018470612,3.4150942593175764e-05,-87.91537412827692
161.6127404998988,-19.8450870513916,11.879064559936523,-0.0026150397025048733,0.0001279158653185681,3.4150942593175764e-05,-88.45407114811582
161.67940049991012,-19.843242645263672,11.793258666992188,-0.002615085570141673,0.00012770111915180767,3.4150942593175764e-05,-88.85422461083019
161.74609129992314,-19.841781616210938,11.707036972045898,-0.002615131437778473,0.00012758278989721627,3.4150942593175764e-05,-89.07537247577686
161.81275709997863,-19.840513229370117,11.620673179626465,-0.0026151773054152727,0.00012752777454522467,3.4150942593175764e-05,-89.17830342656895
161.87940860004164,-19.83930778503418,11.534272193908691,-0.0026152231730520725,0.00012751447341465794,3.4150942593175764e-05,-89.2032336170395
161.94609229988419,-19.83808135986328,11.447871208190918,-0.0026152690406888723,0.00012752811326157602,3.4150942593175764e-05,-89.1776340680303
162.01276420010254,-19.836776733398438,11.361480712890625,-0.002615314908325672,0.0001275596008547003,3.4150942593175764e-05,-89.11830704489957
162.07941100001335,-19.835357666015625,11.275103569030762,-0.002615360775962472,0.00012760287838236214,3.4150942593175764e-05,-89.03682971829048
162.14607949997298,-19.833797454833984,11.188738822937012,-0.0026154066435992718,0.00012765379005548152,3.4150942593175764e-05,-88.94098850385686
162.21275030006655,-19.832082748413086,11.102383613586426,-0.0026154527440667152,0.00012770982155652717,3.4150942593175764e-05,-88.83558502458523
162.27936360007152,-19.830202102661133,11.016036033630371,-0.002615498611703515,0.0001277691360006706,3.4150942593175764e-05,-88.72395241279052
162.3460403000936,-19.828149795532227,10.929696083068848,-0.002615544479340315,0.00012783063907354587,3.4150942593175764e-05,-88.60815338560214
162.41271360008977,-19.825918197631836,10.843361854553223,-0.0026155903469771147,0.0001278935751771384,3.4150942593175764e-05,-88.48966326388076
162.47940839990042,-19.823505401611328,10.757034301757812,-0.0026156362146139145,0.00012795743623692123,3.4150942593175764e-05,-88.36937680240766
162.54618309997022,-19.82090950012207,10.670713424682617,-0.0026156820822507143,0.00012802198775695872,3.4150942593175764e-05,-88.2479223785865
162.61273619998246,-19.818134307861328,10.584396362304688,-0.002615727949887514,0.00012808508019117497,3.4150942593175764e-05,-88.12915221910914
162.67939059995115,-19.81540870666504,10.498114585876465,-0.002615773817524314,0.000128022365555966,3.4150942593175764e-05,-88.24635826526657
162.74604310002178,-19.813274383544922,10.412493705749512,-0.00261581945233047,0.00012777778629518218,3.4150942593175764e-05,-88.70165867533962
162.81271119997837,-19.81199073791504,10.32724666595459,-0.0026158648543059826,0.00012747786599360742,3.4150942593175764e-05,-89.25896113047763
162.8794003999792,-19.811262130737305,10.241225242614746,-0.0026159107219427824,0.00012730291899813145,3.4150942593175764e-05,-89.58538953129089
162.94605110003613,-19.81084632873535,10.154911041259766,-0.002615956589579582,0.0001272106318199386,3.4150942593175764e-05,-89.75798158142794
163.0127238999121,-19.810569763183594,10.068517684936523,-0.002616002457216382,0.00012717220054161155,3.4150942593175764e-05,-89.82998543565822
163.07940199994482,-19.81032371520996,9.982107162475586,-0.002616048324853182,0.00012716925631486514,3.4150942593175764e-05,-89.83550422850757
163.1460790000856,-19.810035705566406,9.895700454711914,-0.0026160941924899817,0.00012719023067354532,3.4150942593175764e-05,-89.79601207472658
163.21273580007255,-19.80965232849121,9.809306144714355,-0.002616140292957425,0.0001272264342404846,3.4150942593175764e-05,-89.72792191889071
163.27937919995748,-19.809144973754883,9.722921371459961,-0.002616186160594225,0.00012727269507754882,3.4150942593175764e-05,-89.64093262962143
163.3460506000556,-19.80849266052246,9.636547088623047,-0.0026162320282310247,0.00012732563904877632,3.4150942593175764e-05,-89.54127333944177
163.41271979990415,-19.80767822265625,9.550179481506348,-0.0026162778958678246,0.0001273829733050195,3.4150942593175764e-05,-89.43337684112308
163.47938270005397,-19.806697845458984,9.463818550109863,-0.0026163237635046244,0.00012744317362269725,3.4150942593175764e-05,-89.32010498392759
163.54607959999703,-19.805540084838867,9.377462387084961,-0.002616369631141424,0.00012750524990785944,3.4150942593175764e-05,-89.2032336170395
163.61272410000674,-19.8042049407959,9.29111099243164,-0.002616415498778224,0.0001275685898655632,3.4150942593175764e-05,-89.08401949526609
163.67939379997551,-19.80275535583496,9.204730987548828,-0.002616461366415024,0.00012758758403634318,3.4150942593175764e-05,-89.04824979458273
163.7460763999261,-19.801660537719727,9.118720054626465,-0.0026165074668824673,0.0001274143827328319,3.4150942593175764e-05,-89.37139287440522
163.8127464998979,-19.80119514465332,9.032912254333496,-0.002616553334519267,0.000127196731421981,3.4150942593175764e-05,-89.77690803561804
163.87939199991524,-19.801128387451172,8.946687698364258,-0.002616599202156067,0.00012707519738960364,3.4150942593175764e-05,-90.00404597646681
163.9460446999874,-19.8012638092041,8.860318183898926,-0.0026166450697928667,0.00012701824093236776,3.4150942593175764e-05,-90.1106242482757
164.0127957998775,-19.801467895507812,8.773909568786621,-0.0026166909374296665,0.0001270035719088436,3.4150942593175764e-05,-90.13814991063086
164.07944100000896,-19.801652908325195,8.6875,-0.0026167368050664663,0.00012701624771691553,3.4150942593175764e-05,-90.1142647391033
164.14605859993026,-19.8017635345459,8.601099967956543,-0.002616782672703266,0.00012704718815285683,3.4150942593175764e-05,-90.05598273491559
164.21273569995537,-19.8017578125,8.514711380004883,-0.002616828540340066,0.0001270900878815114,3.4150942593175764e-05,-89.97520891779102
164.27940930007026,-19.80161476135254,8.42833137512207,-0.0026168744079768658,0.0001271407650586952,3.4150942593175764e-05,-89.8798458165993
164.3460713000968,-19.801315307617188,8.341958045959473,-0.0026169205084443092,0.00012719662720156517,3.4150942593175764e-05,-89.77473603546198
164.41274340008385,-19.80084991455078,8.25559139251709,-0.002616966376081109,0.00012725587650794874,3.4150942593175764e-05,-89.66324002745068
164.47941819997504,-19.800212860107422,8.169225692749023,-0.002617012243717909,0.00012731731444306412,3.4150942593175764e-05,-89.54750247196483
164.5460757999681,-19.79939842224121,8.082867622375488,-0.0026170581113547087,0.0001273802375191047,3.4150942593175764e-05,-89.42910114270265
164.6127400000114,-19.79840087890625,7.996511459350586,-0.0026171039789915085,0.00012744408555133551,3.4150942593175764e-05,-89.30886249255374
164.67940080002882,-19.797222137451172,7.910159587860107,-0.0026171498466283083,0.00012750857193361313,3.4150942593175764e-05,-89.18743538948927
164.74610029999167,-19.795860290527344,7.823811054229736,-0.002617195714265108,0.00012757348822510593,3.4150942593175764e-05,-89.06523647504856
164.81272620009258,-19.7943115234375,7.737465858459473,-0.002617241581901908,0.00012763866506763824,3.4150942593175764e-05,-88.94252529642011
164.8793866999913,-19.792579650878906,7.651124000549316,-0.0026172876823693514,0.00012770398521324224,3.4150942593175764e-05,-88.81945211776565
164.94604939990677,-19.790660858154297,7.564786911010742,-0.002617333550006151,0.00012776943563436603,3.4150942593175764e-05,-88.69616720324692
165.01274319994263,-19.788555145263672,7.478453636169434,-0.002617379417642951,0.00012783500330345758,3.4150942593175764e-05,-88.57273885475563
165.07939479989,-19.786376953125,7.392100811004639,-0.002617425285279751,0.0001278308344868255,3.4150942593175764e-05,-88.5803271949235
165.14631689991802,-19.784637451171875,7.30622673034668,-0.0026174711529165506,0.00012763074431603724,3.4150942593175764e-05,-88.95324869341704
165.2127340999432,-19.783687591552734,7.220859050750732,-0.002617516554892063,0.0001273440339521654,3.4150942593175764e-05,-89.48627665624484
165.27939769998193,-19.783315658569336,7.134867191314697,-0.002617562422528863,0.0001271622605194544,3.4150942593175764e-05,-89.82527943532007
165.34610389987938,-19.783267974853516,7.0485734939575195,-0.0026176082901656628,0.00012706575241442156,3.4150942593175764e-05,-90.00582182565103
165.41277999989688,-19.78337287902832,6.962183475494385,-0.0026176541578024626,0.00012702510645225872,3.4150942593175764e-05,-90.081992095275
165.47939409990795,-19.78350830078125,6.875771999359131,-0.0026177000254392624,0.00012702119818666614,3.4150942593175764e-05,-90.0893482090111
165.54607279994525,-19.78360366821289,6.789364337921143,-0.002617745893076062,0.00012704096098301262,3.4150942593175764e-05,-90.05213733841288
165.61273929988965,-19.78360939025879,6.702968597412109,-0.002617791760712862,0.00012707655225500909,3.4150942593175764e-05,-89.98521514492509
165.67953799990937,-19.783489227294922,6.616582870483398,-0.002617837628349662,0.0001271224874032739,3.4150942593175764e-05,-89.89873128965438
165.74615069990978,-19.78322410583496,6.530134677886963,-0.0026178837288171053,0.00012717519687856585,3.4150942593175764e-05,-89.79951596177078
165.81283419998363,-19.78280258178711,6.443763732910156,-0.002617929596453905,0.00012723237480418535,3.4150942593175764e-05,-89.69194731253225
165.8795245999936,-19.782209396362305,6.357398986816406,-0.002617975464090705,0.0001272924057636874,3.4150942593175764e-05,-89.57888036101187
165.94621010008268,-19.781444549560547,6.27103853225708,-0.0026180213317275047,0.00012735444296619366,3.4150942593175764e-05,-89.46217291866385
166.0128176000435,-19.780498504638672,6.1846818923950195,-0.0026180671993643045,0.00012741771778613758,3.4150942593175764e-05,-89.34303392897132
166.0794506999664,-19.77937126159668,6.098328590393066,-0.0026181130670011044,0.0001274818654520638,3.4150942593175764e-05,-89.22235814671554
166.14618490007706,-19.778060913085938,6.011978626251221,-0.002618158934637904,0.00012754653422006906,3.4150942593175764e-05,-89.10063734551674
166.21282129990868,-19.776567459106445,5.925631999969482,-0.002618204802274704,0.00012761158078708164,3.4150942593175764e-05,-88.97824035559012
166.27949930005707,-19.774887084960938,5.83928918838501,-0.0026182509027421474,0.00012767683579492577,3.4150942593175764e-05,-88.8553857429891
166.34621699992567,-19.773021697998047,5.752951145172119,-0.0026182967703789473,0.00012774227318849756,3.4150942593175764e-05,-88.73225792282126
166.41286369995214,-19.770971298217773,5.666616916656494,-0.002618342638015747,0.0001278077496647253,3.4150942593175764e-05,-88.60891153660002
166.4795641999226,-19.768733978271484,5.580287456512451,-0.002618388505652547,0.00012787334338892081,3.4150942593175764e-05,-88.48545586735203
166.5461728000082,-19.766313552856445,5.49396276473999,-0.0026184343732893467,0.00012793893711311632,3.4150942593175764e-05,-88.36190457545567
166.612807800062,-19.76370620727539,5.407643795013428,-0.0026184802409261465,0.00012800456991996775,3.4150942593175764e-05,-88.23831230242429
166.67948479996994,-19.760910034179688,5.321331024169922,-0.0026185261085629463,0.00012807022878192313,3.4150942593175764e-05,-88.11467904825788
166.7461675000377,-19.7579288482666,5.235024452209473,-0.002618571976199746,0.00012813591369898247,3.4150942593175764e-05,-87.9910184733348
166.81285270000808,-19.754762649536133,5.14872407913208,-0.002618617843836546,0.00012820157256093786,3.4150942593175764e-05,-87.86733057765504
166.87962720007636,-19.75140953063965,5.0624308586120605,-0.0026186639443039894,0.00012826732261575708,3.4150942593175764e-05,-87.74365634235363
166.94614319992252,-19.74786949157715,4.9761433601379395,-0.0026187098119407892,0.00012833302056036838,3.4150942593175764e-05,-87.61996161648469
167.01281740004197,-19.744144439697266,4.889865398406982,-0.002618755679577589,0.0001283987185049797,3.4150942593175764e-05,-87.49625323023743
167.07950349990278,-19.740230560302734,4.803592205047607,-0.002618801547214389,0.00012846439039448706,3.4150942593175764e-05,-87.37254484399016
167.14616269990802,-19.73613166809082,4.717331886291504,-0.0026188474148511887,0.00012853014044930626,3.4150942593175764e-05,-87.24885011812123
167.21281319996342,-19.731847763061523,4.631080150604248,-0.0026188932824879885,0.00012859579931126164,3.4150942593175764e-05,-87.12514173187395
167.27953909989446,-19.72737693786621,4.544837951660156,-0.0026189391501247883,0.00012866156239363282,3.4150942593175764e-05,-87.00143334562668
167.34620809997432,-19.722721099853516,4.4586052894592285,-0.002618985017761588,0.0001287272342831402,3.4150942593175764e-05,-86.8777249593794
167.41284970007837,-19.717876434326172,4.372383117675781,-0.0026190311182290316,0.0001287929322277515,3.4150942593175764e-05,-86.75403706369964
167.47952500008978,-19.712846755981445,4.2861714363098145,-0.0026190769858658314,0.0001288586301723628,3.4150942593175764e-05,-86.6303218472632
167.5462388000451,-19.707632064819336,4.199955463409424,-0.002619122853502631,0.00012892438022718203,3.4150942593175764e-05,-86.50660663082677
167.61296580010094,-19.702226638793945,4.113734245300293,-0.002619168721139431,0.00012899011725444926,3.4150942593175764e-05,-86.38284360306614
167.6798435000237,-19.696636199951172,4.027505397796631,-0.002619214588776231,0.00012905582822661253,3.4150942593175764e-05,-86.25904642435965
167.74639169988222,-19.690853118896484,3.941234588623047,-0.0026192604564130306,0.0001291216043365357,3.4150942593175764e-05,-86.13519460413981
167.81306639988907,-19.684894561767578,3.8550822734832764,-0.0026193063240498304,0.00012918731530869897,3.4150942593175764e-05,-86.01148621789254
167.8797897999175,-19.678749084472656,3.7689425945281982,-0.0026193521916866302,0.00012925303930841423,3.4150942593175764e-05,-85.88778466183444
167.94652420002967,-19.672414779663086,3.682816743850708,-0.0026193982921540737,0.00012931872422547358,3.4150942593175764e-05,-85.76406261520883
168.0130578998942,-19.665874481201172,3.596745491027832,-0.0026194441597908735,0.00012940277799081807,3.4150942593175764e-05,-85.60575249062627
168.07987609994598,-19.658815383911133,3.511493682861328,-0.002619489561766386,0.00012965684130943986,3.4150942593175764e-05,-85.12429245603207
168.1466254000552,-19.65083885192871,3.427666187286377,-0.002619534730911255,0.00013005932752771596,3.4150942593175764e-05,-84.35751492923893
168.21308670006692,-19.64167022705078,3.344658136367798,-0.002619578968733549,0.0001305127384466634,3.4150942593175764e-05,-83.49214362177666
168.27974670007825,-19.631322860717773,3.26041316986084,-0.0026196243707090616,0.00013085024323568686,3.4150942593175764e-05,-82.85071372663158
168.3464162000455,-19.620132446289062,3.175541639328003,-0.0026196700055152178,0.00013109876984471918,3.4150942593175764e-05,-82.37986097581842
168.41309030004777,-19.60833168029785,3.090390205383301,-0.0026197158731520176,0.0001312854286094209,3.4150942593175764e-05,-82.02712268632229
168.47987019992433,-19.5960693359375,3.0051231384277344,-0.0026197617407888174,0.00013143071186904918,3.4150942593175764e-05,-81.75282911944375
168.54641430010088,-19.583446502685547,2.919816017150879,-0.0026198076084256172,0.00013154880662770503,3.4150942593175764e-05,-81.53011714117713
168.61308709997684,-19.57052230834961,2.834503650665283,-0.002619853476062417,0.00013164914483301858,3.4150942593175764e-05,-81.34098237287031
168.6797706000507,-19.55733871459961,2.7492027282714844,-0.002619899343699217,0.00013173774521400242,3.4150942593175764e-05,-81.17402522879853
168.74639889993705,-19.543922424316406,2.6639211177825928,-0.0026199454441666603,0.0001318184899811452,3.4150942593175764e-05,-81.02195789711736
168.8130757000763,-19.530288696289062,2.5786638259887695,-0.00261999131180346,0.00013189404978260178,3.4150942593175764e-05,-80.8796167548143
168.87971689994447,-19.516448974609375,2.4934332370758057,-0.00262003717944026,0.0001319662745307527,3.4150942593175764e-05,-80.74360036768266
168.94638550002128,-19.502410888671875,2.408230781555176,-0.0026200830470770597,0.00013203623248485993,3.4150942593175764e-05,-80.61179820726892
169.01311019994318,-19.488182067871094,2.3230578899383545,-0.0026201289147138596,0.00013210477043580185,3.4150942593175764e-05,-80.4827486130907
169.07975889998488,-19.47376251220703,2.237915515899658,-0.0026201747823506594,0.0001321722922376897,3.4150942593175764e-05,-80.35551584923171
169.14657659991644,-19.45915412902832,2.152803897857666,-0.002620220649987459,0.0001322392017446347,3.4150942593175764e-05,-80.22947836847746
169.21329470002092,-19.444358825683594,2.0677239894866943,-0.002620266517624259,0.00013230570739746847,3.4150942593175764e-05,-80.10424685004527
169.27993270009756,-19.429378509521484,1.9826759099960327,-0.0026203126180917025,0.00013237196552681475,3.4150942593175764e-05,-79.97954808636835
169.34680119995028,-19.414175033569336,1.8974556922912598,-0.002620358718559146,0.00013243817154595308,3.4150942593175764e-05,-79.85486298306976
169.41346399998292,-19.39882469177246,1.8124765157699585,-0.0026204045861959457,0.00013250594087132846,3.4150942593175764e-05,-79.72724089842808
169.48017799993977,-19.383142471313477,1.7280362844467163,-0.002620450221002102,0.000132700077450864,3.4150942593175764e-05,-79.35994747581064
169.54675720003434,-19.36679458618164,1.6450413465499878,-0.002620495157316327,0.0001330653178980428,3.4150942593175764e-05,-78.66485961454596
169.6134418998845,-19.34939193725586,1.5624414682388306,-0.0026205400936305523,0.0001334469860882624,3.4150942593175764e-05,-77.93810016609991
169.68015950010158,-19.330957412719727,1.4790490865707397,-0.002620585495606065,0.00013372343074117773,3.4150942593175764e-05,-77.41370556238303
169.74675949988887,-19.311809539794922,1.3953427076339722,-0.0026206313632428646,0.00013392870587765213,3.4150942593175764e-05,-77.02524538352772
169.81342580006458,-19.292144775390625,1.3115260601043701,-0.0026206772308796644,0.00013408701668925568,3.4150942593175764e-05,-76.72618555071871
169.88016270007938,-19.272085189819336,1.227683186531067,-0.0026207230985164642,0.0001342136184393514,3.4150942593175764e-05,-76.48728602411917
169.94684339989908,-19.251705169677734,1.143853783607483,-0.0026207691989839077,0.00013431940216139063,3.4150942593175764e-05,-76.28786499092232
170.0134507000912,-19.231054306030273,1.0600547790527344,-0.0026208150666207075,0.00013441140273344002,3.4150942593175764e-05,-76.1144874690307
170.07989299995825,-19.21016502380371,0.976294755935669,-0.0026208609342575073,0.00013449450548749028,3.4150942593175764e-05,-75.95793953325402
170.1465259999968,-19.189056396484375,0.8925773501396179,-0.002620906801894307,0.00013457160254007995,3.4150942593175764e-05,-75.8126477492295
170.21350309997797,-19.167741775512695,0.8089044094085693,-0.002620952669531107,0.00013464484343728495,3.4150942593175764e-05,-75.6746642676169
170.27992130001076,-19.146230697631836,0.7252771854400635,-0.0026209985371679068,0.00013471550487919885,3.4150942593175764e-05,-75.54152339012585
170.34656289988197,-19.124526977539062,0.6416962146759033,-0.0026210444048047066,0.00013478445971180399,3.4150942593175764e-05,-75.41165417324721
170.41318859998137,-19.102638244628906,0.558162271976471,-0.0026210902724415064,0.0001348523072024912,3.4150942593175764e-05,-75.28386133387629
170.47997260000557,-19.08050537109375,0.47491174936294556,-0.002621136140078306,0.00013498995631666195,3.4150942593175764e-05,-75.02389750387643
170.54652950004674,-19.057905197143555,0.3929503560066223,-0.0026211815420538187,0.00013531099427998864,3.4150942593175764e-05,-74.41375670531919
170.61320109991357,-19.03443717956543,0.3119322955608368,-0.002621226478368044,0.00013569810798693394,3.4150942593175764e-05,-73.67626702968707
170.6798602999188,-19.009857177734375,0.23017080128192902,-0.0026212718803435564,0.00013597834365747406,3.4150942593175764e-05,-73.14458461412576
170.7465099999681,-18.984529495239258,0.14813728630542755,-0.002621317747980356,0.00013618614613903165,3.4150942593175764e-05,-72.75127500095974
170.81320210010745,-18.95867156982422,0.0660272091627121,-0.002621363615617156,0.00013634616355994396,3.4150942593175764e-05,-72.44897082829499
170.8799938999582,-18.932411193847656,-0.016079988330602646,-0.002621409483253956,0.00013647435467138068,3.4150942593175764e-05,-72.20714798073068
170.946499499958,-18.90583038330078,-0.0981522798538208,-0.0026214553508907557,0.00013658082885367458,3.4150942593175764e-05,-72.00633358894314
171.01318069989793,-18.87896156311035,-0.17997244000434875,-0.0026215012185275555,0.0001367267113806937,3.4150942593175764e-05,-71.73080375782482
171.07994759990834,-18.85169219970703,-0.26050740480422974,-0.002621546620503068,0.0001370466941123104,3.4150942593175764e-05,-71.1226437141269
171.14653360005468,-18.823768615722656,-0.33935996890068054,-0.002621591091156006,0.0001374898132651974,3.4150942593175764e-05,-70.27650621936736
171.21319189993665,-18.79448890686035,-0.4186391234397888,-0.002621636027470231,0.00013786251849965802,3.4150942593175764e-05,-69.56678126271134
171.27993239997886,-18.76410675048828,-0.4984915554523468,-0.0026216814294457436,0.00013813444259203793,3.4150942593175764e-05,-69.05085609356526
171.34650380001403,-18.732994079589844,-0.5784807205200195,-0.0026217272970825434,0.000138347794810737,3.4150942593175764e-05,-68.6471031211583
171.41332129994407,-18.701433181762695,-0.6574292778968811,-0.0026217724662274122,0.00013866802506584122,3.4150942593175764e-05,-68.03836934157007
171.47990070004016,-18.66922378540039,-0.7349464893341064,-0.0026218171697109938,0.00013909009169473617,3.4150942593175764e-05,-67.23306954785807
171.5465243998915,-18.635705947875977,-0.8129165172576904,-0.0026218625716865063,0.0001394283911644301,3.4150942593175764e-05,-66.58965206766452
171.61323069990613,-18.6011962890625,-0.8912773132324219,-0.0026219082064926624,0.0001396742471253075,3.4150942593175764e-05,-66.1236897322971
171.67984270001762,-18.566030502319336,-0.9697263240814209,-0.0026219540741294622,0.00013985973341033145,3.4150942593175764e-05,-65.77292536747107
171.74649500008672,-18.530393600463867,-1.0481539964675903,-0.002621999941766262,0.00014000487336688798,3.4150942593175764e-05,-65.49895281948352
171.81324380007572,-18.49439811706543,-1.126518964767456,-0.002622045809403062,0.0001401228378500241,3.4150942593175764e-05,-65.27647306764871
171.88006459991448,-18.458114624023438,-1.2048046588897705,-0.0026220916770398617,0.00014022311091757778,3.4150942593175764e-05,-65.0875158842603
171.94659500010312,-18.421585083007812,-1.2830076217651367,-0.0026221375446766615,0.00014031138560976223,3.4150942593175764e-05,-64.92124858929468
172.01340569998138,-18.384836196899414,-1.361126184463501,-0.0026221834123134613,0.00014039196101872932,3.4150942593175764e-05,-64.76946129536948
172.07989099994302,-18.34788703918457,-1.4391611814498901,-0.0026222295127809048,0.00014046742962732208,3.4150942593175764e-05,-64.62733871911986
172.14655119995587,-18.310747146606445,-1.5171128511428833,-0.0026222753804177046,0.00014053957621016115,3.4150942593175764e-05,-64.49149991690665
172.2132284999825,-18.273427963256836,-1.5949819087982178,-0.0026223212480545044,0.00014060949508161246,3.4150942593175764e-05,-64.35982753008714
172.27991949999705,-18.23592185974121,-1.6726118326187134,-0.002622367115691304,0.0001407270166279814,3.4150942593175764e-05,-64.13803762735849
172.34647720004432,-18.19821548461914,-1.749009609222412,-0.002622412284836173,0.00014102696298466013,3.4150942593175764e-05,-63.568249586417686
172.4131594998762,-18.15987205505371,-1.8243272304534912,-0.002622457453981042,0.00014139918619969765,3.4150942593175764e-05,-62.85920081848949
172.47983020008542,-18.1203670501709,-1.9001083374023438,-0.002622503088787198,0.00014166807487246734,3.4150942593175764e-05,-62.34903349881373
172.54649290000089,-18.080120086669922,-1.9759818315505981,-0.002622548956423998,0.0001418698325699084,3.4150942593175764e-05,-61.967232754399184
172.61316059995443,-18.039356231689453,-2.0518248081207275,-0.0026225948240607977,0.00014202532943028527,3.4150942593175764e-05,-61.673555110656146
172.67988729989156,-17.998210906982422,-2.1275861263275146,-0.0026226406916975975,0.00014215047209455977,3.4150942593175764e-05,-61.437428640859636
172.74647619994357,-17.956762313842773,-2.2032525539398193,-0.0026226865593343973,0.0001422549921440574,3.4150942593175764e-05,-61.24035719273726
172.8131842999719,-17.915063858032227,-2.2788188457489014,-0.002622732426971197,0.00014234634133850803,3.4150942593175764e-05,-61.06818178413958
172.87989749992266,-17.87314796447754,-2.354285717010498,-0.002622778294607997,0.00014242885785271941,3.4150942593175764e-05,-60.91263788617087
172.94652140000835,-17.831029891967773,-2.4296250343322754,-0.0026228241622447968,0.00014251709346224797,3.4150942593175764e-05,-60.7464047421511
173.01316060009412,-17.788772583007812,-2.5040977001190186,-0.002622869797050953,0.0001427575950992635,3.4150942593175764e-05,-60.29042814335022
173.07994339987636,-17.74631118774414,-2.5768892765045166,-0.0026229149661958218,0.00014315115744443653,3.4150942593175764e-05,-59.53985865545752
173.14648770005442,-17.703195571899414,-2.6482906341552734,-0.002622959204018116,0.00014361164232410656,3.4150942593175764e-05,-58.6593516487945
173.21316309995018,-17.658475875854492,-2.7202529907226562,-0.002623004373162985,0.00014396398549482983,3.4150942593175764e-05,-57.988449487380834
173.27983230003156,-17.61265754699707,-2.7924869060516357,-0.0026230497751384974,0.00014422174863821263,3.4150942593175764e-05,-57.49948990507795
173.3464885998983,-17.566129684448242,-2.8647406101226807,-0.002623095642775297,0.00014441367053391239,3.4150942593175764e-05,-57.1363219167192
173.41315959999338,-17.519121170043945,-2.93690824508667,-0.0026231417432427406,0.00014456310958262076,3.4150942593175764e-05,-56.85406776436301
173.4798306999728,-17.47175407409668,-3.008960485458374,-0.0026231876108795404,0.00014468418765067894,3.4150942593175764e-05,-56.62550914416688
173.54648600006476,-17.424108505249023,-3.080892562866211,-0.0026232334785163403,0.0001447861152173335,3.4150942593175764e-05,-56.43337592281442
173.61324850004166,-17.3762264251709,-3.1527040004730225,-0.00262327934615314,0.0001448757317473714,3.4150942593175764e-05,-56.264455099356255
173.67997450008988,-17.328081130981445,-3.2244839668273926,-0.00262332521378994,0.00014495716697476887,3.4150942593175764e-05,-56.11089195624685
173.74655029992573,-17.279802322387695,-3.29606556892395,-0.0026233710814267397,0.00014503315668544061,3.4150942593175764e-05,-55.96769704029754
173.8132611999754,-17.23134994506836,-3.3675358295440674,-0.0026234169490635395,0.00014510565501218303,3.4150942593175764e-05,-55.831096671991865
173.87992669991218,-17.182729721069336,-3.438896656036377,-0.0026234628167003393,0.00014517576929691395,3.4150942593175764e-05,-55.69897690778172
173.94655449991114,-17.133943557739258,-3.5101494789123535,-0.002623508917167783,0.0001452443854131677,3.4150942593175764e-05,-55.56970874755007
174.01322959992103,-17.084999084472656,-3.581294536590576,-0.0026235547848045826,0.00014531203749057532,3.4150942593175764e-05,-55.44232913462391
174.0799408000894,-17.035898208618164,-3.6523327827453613,-0.0026236006524413824,0.0001453789600250723,3.4150942593175764e-05,-55.31619261612669
174.14658370008692,-16.98664093017578,-3.7232635021209717,-0.0026236465200781822,0.00014544549173301004,3.4150942593175764e-05,-55.19089621089739
174.21334480005316,-16.93722915649414,-3.7940871715545654,-0.002623692387714982,0.00014551177591746024,3.4150942593175764e-05,-55.06613939061253
174.27998319990002,-16.887662887573242,-3.8648037910461426,-0.002623738255351782,0.00014557785166107882,3.4150942593175764e-05,-54.941734325069916
174.3466620000545,-16.837942123413086,-3.935412883758545,-0.0026237841229885817,0.0001456438362118336,3.4150942593175764e-05,-54.81757173124284
174.4132739000488,-16.788070678710938,-4.005913734436035,-0.0026238299906253815,0.00014570967745951662,3.4150942593175764e-05,-54.693566231766674
174.4799353000708,-16.738065719604492,-4.0761566162109375,-0.002623876091092825,0.00014582368156685225,3.4150942593175764e-05,-54.478408442722106
174.54657089989632,-16.688068389892578,-4.145157337188721,-0.002623921260237694,0.0001461217780111505,3.4150942593175764e-05,-53.91176911898867
174.6133427999448,-16.637981414794922,-4.212378025054932,-0.0026239659637212753,0.0001465511921793595,3.4150942593175764e-05,-53.091483890237654
174.6798998999875,-16.58711051940918,-4.278468608856201,-0.0026240104343742132,0.0001470101007252405,3.4150942593175764e-05,-52.2136030913105
174.74656679993495,-16.534515380859375,-4.345118522644043,-0.002624055603519082,0.00014734458312220568,3.4150942593175764e-05,-51.57700213990863
174.81328059989028,-16.480884552001953,-4.411865711212158,-0.0026241012383252382,0.00014759013944938763,3.4150942593175764e-05,-51.11139155928344
174.87992840004154,-16.426597595214844,-4.4785284996032715,-0.002624147105962038,0.0001477754694037879,3.4150942593175764e-05,-50.7608662510784
174.94656089995988,-16.371862411499023,-4.545053482055664,-0.002624192973598838,0.00014791948899087456,3.4150942593175764e-05,-50.488908608896
175.0133402000647,-16.316801071166992,-4.611423969268799,-0.0026242390740662813,0.0001480370235647955,3.4150942593175764e-05,-50.26718700805904
175.07992759998888,-16.2614803314209,-4.6776442527771,-0.002624284941703081,0.00014813674947516622,3.4150942593175764e-05,-50.07916897568152
175.14657930005342,-16.205944061279297,-4.743720054626465,-0.002624330809339881,0.00014822480269896708,3.4150942593175764e-05,-49.91322611470147
175.2132818000391,-16.15022087097168,-4.809658050537109,-0.0026243766769766808,0.00014830526085996638,3.4150942593175764e-05,-49.76161982078928
175.27992159989662,-16.094324111938477,-4.875463485717773,-0.0026244225446134806,0.0001483806513032473,3.4150942593175764e-05,-49.6196236030393
175.3465789000038,-16.038267135620117,-4.941139221191406,-0.0026244684122502804,0.0001484527327483265,3.4150942593175764e-05,-49.48391457442032
175.4132803999819,-15.9820556640625,-5.006688594818115,-0.00262451427988708,0.0001485225995095699,3.4150942593175764e-05,-49.3523139045871
175.47999359993264,-15.92574691772461,-5.071872711181641,-0.00262456014752388,0.00014866147321362632,3.4150942593175764e-05,-49.08986388572936
175.54657349991612,-15.869359016418457,-5.136044979095459,-0.0026246055494993925,0.0001489354686867703,3.4150942593175764e-05,-48.56955715023071
175.6132461000234,-15.81221866607666,-5.200087070465088,-0.0026246514171361923,0.00014914798714214293,3.4150942593175764e-05,-48.16701995149601
175.68020360008813,-15.754548072814941,-5.263983249664307,-0.002624697284772992,0.0001493105970458983,3.4150942593175764e-05,-47.85959996714291
175.74658989999443,-15.696504592895508,-5.327711582183838,-0.002624743152409792,0.00014944003880232467,3.4150942593175764e-05,-47.61519872316693
175.81326489988714,-15.63818073272705,-5.391273021697998,-0.0026247890200465918,0.000149547880877576,3.4150942593175764e-05,-47.41170006703557
175.87995449989103,-15.579628944396973,-5.454677581787109,-0.0026248351205140352,0.00014964127539768672,3.4150942593175764e-05,-47.23557339400303
175.94664760003798,-15.52088451385498,-5.517929553985596,-0.002624880988150835,0.00014972514677730355,3.4150942593175764e-05,-47.07747842037933
176.01334569999017,-15.461966514587402,-5.581037998199463,-0.002624926855787635,0.00014980285612483605,3.4150942593175764e-05,-46.931059655141766
176.07990949996747,-15.402889251708984,-5.644006252288818,-0.0026249727234244347,0.0001498773216119267,3.4150942593175764e-05,-46.79082562619765
176.14657839993015,-15.343794822692871,-5.706387996673584,-0.0026250185910612345,0.0001500642669827719,3.4150942593175764e-05,-46.43678618566462
176.21325789997354,-15.284934043884277,-5.767212390899658,-0.0026250635273754597,0.00015042390558260135,3.4150942593175764e-05,-45.75147232510222
176.27990829991177,-15.225129127502441,-5.827591896057129,-0.002625108929350972,0.0001507495943819832,3.4150942593175764e-05,-45.13163265792357
176.34661339991726,-15.164325714111328,-5.887933731079102,-0.0026251545641571283,0.00015098915803525654,3.4150942593175764e-05,-44.677288474334325
176.41323799989186,-15.102903366088867,-5.948113441467285,-0.002625200431793928,0.00015117046247609643,3.4150942593175764e-05,-44.33427637421628
176.48002339992672,-15.04131031036377,-6.007626056671143,-0.0026252460666000843,0.00015140880153948408,3.4150942593175764e-05,-43.882162247391044
176.54657660005614,-14.97999095916748,-6.065491199493408,-0.0026252910029143095,0.00015179867708744812,3.4150942593175764e-05,-43.138071193926095
176.613236800069,-14.917559623718262,-6.122983932495117,-0.002625336404889822,0.00015213628609688735,3.4150942593175764e-05,-42.49517280810948
176.6799029998947,-14.854073524475098,-6.180415630340576,-0.0026253818068653345,0.0001523840049976972,3.4150942593175764e-05,-42.02527628378011
176.74656859994866,-14.78994083404541,-6.237666606903076,-0.0026254276745021343,0.00015256992119193634,3.4150942593175764e-05,-41.67345323963275
176.81336120003834,-14.731578826904297,-6.28926944732666,-0.0026254691183567047,0.0001527015515770945,3.4150942593175764e-05,-41.424854844411804
176.87990580010228,-14.686415672302246,-6.328955173492432,-0.0026255010161548853,0.00015278383359537036,3.4150942593175764e-05,-41.269792474779585
176.94658010010608,-14.651237487792969,-6.359742164611816,-0.0026255259290337563,0.00015283830179017898,3.4150942593175764e-05,-41.16727816552686
177.01328409998678,-14.624176025390625,-6.38336181640625,-0.002625545021146536,0.000152875169762269,3.4150942593175764e-05,-41.09787319827578
177.07996209990233,-14.603410720825195,-6.401451110839844,-0.0026255594566464424,0.000152900977342732,3.4150942593175764e-05,-41.049334458939086
177.14659309992567,-14.58773422241211,-6.4150896072387695,-0.002625570632517338,0.00015291916380528951,3.4150942593175764e-05,-41.015104965913565
177.27999549987726,-14.567170143127441,-6.432958126068115,-0.0026255850680172443,0.0001529416623875508,3.4150942593175764e-05,-40.972778283626994
177.54658610001206,-14.551685333251953,-6.446396827697754,-0.0026255962438881397,0.00015295773838668828,3.4150942593175764e-05,-40.942530790887595
178.41334079997614,-14.53289794921875,-6.46268367767334,-0.0026256092824041843,0.0001529766022819485,3.4150942593175764e-05,-40.90697282606851
182.01338639995083,-14.516292572021484,-6.4770636558532715,-0.002625620923936367,0.000152993186355613,3.4150942593175764e-05,-40.87559835211606
182.0799463998992,-14.49547004699707,-6.495067119598389,-0.0026256355922669172,0.0001530141607142932,3.4150942593175764e-05,-40.83617450022674
182.1466220000293,-14.477330207824707,-6.510731220245361,-0.002625648397952318,0.00015303237323195464,3.4150942593175764e-05,-40.801839139269084
182.27997449995019,-14.453362464904785,-6.531399250030518,-0.0026256649289280176,0.0001530564611755569,3.4150942593175764e-05,-40.75650034355854
182.47997320001014,-14.436847686767578,-6.545624256134033,-0.0026256770361214876,0.00015307298011146158,3.4150942593175764e-05,-40.7252590582949
182.68011499987915,-14.41383171081543,-6.565418720245361,-0.0026256931014358997,0.00015309602585090583,3.4150942593175764e-05,-40.681747338187336
182.74660769989714,-14.388833999633789,-6.586879253387451,-0.0026257105637341738,0.0001531211299435622,3.4150942593175764e-05,-40.634560976306304
182.81328750005923,-14.368184089660645,-6.604581356048584,-0.002625725232064724,0.00015314186980630682,3.4150942593175764e-05,-40.59560499237514
182.8799509999808,-14.3524751663208,-6.618033409118652,-0.0026257361751049757,0.000153157581033989,3.4150942593175764e-05,-40.56597563175562
183.01346859987825,-14.325634002685547,-6.640983581542969,-0.0026257550343871117,0.00015318443081861004,3.4150942593175764e-05,-40.51538100547875
183.0799485000316,-14.299461364746094,-6.663320541381836,-0.0026257734280079603,0.0001532106422531843,3.4150942593175764e-05,-40.466084115144184
183.14661099994555,-14.269705772399902,-6.688666820526123,-0.002625794382765889,0.00015324041020944778,3.4150942593175764e-05,-40.41007997904466
183.21330649987794,-14.246932029724121,-6.708034038543701,-0.0026258102152496576,0.0001532631693427486,3.4150942593175764e-05,-40.36724103257035
183.27995599992573,-14.223776817321777,-6.727694511413574,-0.0026258262805640697,0.00015328630627505668,3.4150942593175764e-05,-40.32371565208444
183.34670590003952,-14.191563606262207,-6.754992961883545,-0.0026258486323058605,0.00015331848432843562,3.4150942593175764e-05,-40.26321042132188
183.41343259997666,-14.154873847961426,-6.786009788513184,-0.002625874010846019,0.00015335503963927823,3.4150942593175764e-05,-40.194372359771904
183.4799498000648,-14.125547409057617,-6.810750961303711,-0.0026258944999426603,0.00015338423438325484,3.4150942593175764e-05,-40.13938592185872
183.54664790001698,-14.103114128112793,-6.829647541046143,-0.002625910332426429,0.0001534065375522365,3.4150942593175764e-05,-40.09733927732812
183.61331330006942,-14.086146354675293,-6.843922138214111,-0.0026259219739586115,0.00015342343428714845,3.4150942593175764e-05,-40.06555840712005
183.6799848000519,-14.067519187927246,-6.859573841094971,-0.0026259347796440125,0.00015344197249360925,3.4150942593175764e-05,-40.03069029140713
183.74671859992668,-14.038692474365234,-6.883754253387451,-0.0026259548030793667,0.00015347062008040286,3.4150942593175764e-05,-39.976772778099054
183.81343779992312,-14.008293151855469,-6.909202575683594,-0.0026259757578372955,0.0001535008049183296,3.4150942593175764e-05,-39.91995243439372
183.87995629990473,-13.984920501708984,-6.928737163543701,-0.0026259920559823513,0.0001535239679057416,3.4150942593175764e-05,-39.87628361993524
183.9466126000043,-13.967073440551758,-6.943633079528809,-0.0026260041631758213,0.000153541685376428,3.4150942593175764e-05,-39.84295912697475
184.0800238000229,-13.94369888305664,-6.963118553161621,-0.0026260202284902334,0.00015356483533628806,3.4150942593175764e-05,-39.799310803083785
184.2133645999711,-13.913980484008789,-6.987846374511719,-0.002626040717586875,0.00015359421246599232,3.4150942593175764e-05,-39.743873572685374
184.27996190008707,-13.8839693069458,-7.012763500213623,-0.00262606143951416,0.00015362390225694397,3.4150942593175764e-05,-39.68796847432883
184.34661290002987,-13.853063583374023,-7.038371562957764,-0.0026260828599333763,0.000153654451866326,3.4150942593175764e-05,-39.630437790949806
184.41347060003318,-13.829485893249512,-7.057875156402588,-0.002626099158078432,0.00015367775815680975,3.4150942593175764e-05,-39.58656748591081
184.4799534000922,-13.811480522155762,-7.072750091552734,-0.0026261114981025457,0.00015369551471015202,3.4150942593175764e-05,-39.55307223822107
184.61340330005623,-13.787773132324219,-7.092309951782227,-0.002626128029078245,0.0001537189252210516,3.4150942593175764e-05,-39.5089697067503
184.8133062000852,-13.77151870727539,-7.105706214904785,-0.002626139670610428,0.00015373493608242922,3.4150942593175764e-05,-39.47867440268671
